47.606905,-122.330092,99,199
47.560993,-122.291026,47,147
47.611818,-122.312794,107,207
47.560152,-122.293168,39,139
47.572199,-122.314078,66,166
47.613695,-122.329685,67,167
47.593327,-122.302276,61,161
47.564127,-122.322566,6,106
47.620217,-122.333643,40,140
47.618768,-122.31558,118,218
47.61165,-122.296197,75,175
47.613605,-122.336927,97,197
47.57005,-122.299191,78,178
47.570133,-122.326176,8,108
47.616447,-122.309107,132,232
47.596933,-122.317285,49,149
47.611407,-122.291477,106,206
47.576407,-122.297998,12,112
47.566103,-122.322251,8,108
47.590651,-122.295825,48,148
47.587839,-122.315999,98,198
47.57322,-122.318608,31,131
47.609251,-122.291475,105,205
47.619279,-122.330437,42,142
47.614165,-122.307467,116,216
47.598785,-122.321542,41,141
47.603918,-122.314241,74,174
47.562704,-122.293241,41,141
47.578491,-122.316683,70,170
47.612853,-122.314669,103,203
47.590821,-122.307758,27,127
47.59988,-122.323752,43,143
47.562155,-122.314231,77,177
47.596895,-122.298767,77,177
47.582376,-122.30295,26,126
47.604388,-122.302505,97,197
47.573524,-122.29299,15,115
47.620835,-122.326259,80,180
47.583388,-122.288976,36,136
47.598901,-122.290737,48,148
47.587452,-122.296583,54,154
47.563806,-122.316692,75,175
47.620205,-122.32222,103,203
47.581226,-122.330257,8,108
47.581802,-122.301686,22,122
47.594193,-122.319962,30,130
47.613988,-122.304924,106,206
47.579462,-122.311002,88,188
47.619608,-122.326514,78,178
47.583641,-122.29985,24,124
47.590243,-122.328831,5,105
47.569243,-122.321296,2,102
47.568418,-122.32542,5,105
47.587649,-122.312055,74,174
47.616472,-122.299063,77,177
47.603516,-122.316354,70,170
47.619986,-122.289094,83,183
47.617992,-122.315607,111,211
47.617451,-122.316261,109,209
47.576255,-122.292187,32,132
47.608027,-122.298874,86,186
47.559059,-122.312811,72,172
47.593573,-122.308499,28,128
47.619456,-122.332973,36,136
47.596448,-122.334191,4,104
47.582919,-122.309512,63,163
47.596056,-122.321497,29,129
47.62075,-122.318263,104,204
47.597917,-122.287611,25,125
47.564289,-122.289996,37,137
47.608063,-122.294912,87,187
47.606521,-122.29669,91,191
47.607858,-122.30634,96,196
47.612881,-122.289574,100,200
47.567232,-122.314148,71,171
47.61032,-122.320855,105,205
47.578372,-122.293052,39,139
47.60082,-122.301739,95,195
47.586685,-122.30946,42,142
47.614688,-122.321378,95,195
47.564144,-122.31996,49,149
47.60803,-122.300637,86,186
47.607997,-122.311577,102,202
47.593501,-122.321868,14,114
47.575965,-122.320296,14,114
47.571669,-122.297793,34,134
47.585498,-122.312086,81,181
47.585034,-122.308187,41,141
47.600861,-122.321463,72,172
47.586205,-122.312086,78,178
47.565369,-122.312752,87,187
47.595463,-122.294374,87,187
47.570791,-122.334112,5,105
47.577866,-122.306426,69,169
47.563672,-122.297943,57,157
47.60017,-122.317282,62,162
47.601209,-122.308966,88,188
47.597488,-122.30893,67,167
47.577715,-122.333506,7,107
47.596656,-122.3133,32,132
47.561177,-122.297097,69,169
47.57977,-122.322288,6,106
47.561397,-122.296392,54,154
47.580933,-122.298185,19,119
47.611272,-122.333029,70,170
47.607926,-122.290398,105,205
47.576665,-122.296381,16,116
47.578398,-122.325892,5,105
47.56794,-122.288003,13,113
47.583875,-122.315359,92,192
47.618294,-122.311428,132,232
47.563248,-122.337957,2,102
47.576878,-122.314105,84,184
47.578952,-122.32901,6,106
47.61037,-122.308947,119,219
47.565081,-122.316012,78,178
47.594584,-122.299578,70,170
47.560733,-122.292607,40,140
47.600042,-122.315635,54,154
47.597373,-122.292659,92,192
47.605934,-122.30507,87,187
47.603506,-122.301808,100,200
47.608193,-122.320908,119,219
47.559497,-122.288856,35,135
47.60452,-122.303755,85,185
47.559644,-122.321331,39,139
47.559724,-122.317543,56,156
47.582632,-122.314057,88,188
47.609037,-122.302614,90,190
47.596775,-122.300744,82,182
47.573343,-122.310276,92,192
47.618458,-122.309511,132,232
47.56012,-122.305381,91,191
47.599627,-122.299899,89,189
47.610984,-122.337396,40,140
47.610822,-122.310177,119,219
47.59879,-122.307657,80,180
47.619406,-122.337194,31,131
47.617959,-122.313639,121,221
47.611383,-122.308228,122,222
47.558324,-122.318,50,150
47.575087,-122.30544,76,176
47.574914,-122.311267,91,191
47.598971,-122.297403,85,185
47.588367,-122.333768,4,104
47.563491,-122.31633,77,177
47.576904,-122.333262,6,106
47.581702,-122.316025,75,175
47.59205,-122.29884,58,158
47.558446,-122.334137,0,100
47.560771,-122.300327,83,183
47.581948,-122.294154,55,155
47.61239,-122.321778,101,201
47.586085,-122.32104,7,107
47.568642,-122.324043,4,104
47.612949,-122.325391,94,194
47.586601,-122.300329,36,136
47.610286,-122.32146,110,210
47.601904,-122.314946,61,161
47.580014,-122.303962,58,158
47.583994,-122.295137,61,161
47.570299,-122.338365,4,104
47.608884,-122.311565,106,206
47.574554,-122.295134,16,116
47.589932,-122.287508,30,130
47.596478,-122.323749,21,121
47.571913,-122.310917,91,191
47.575213,-122.316399,67,167
47.612383,-122.316763,96,196
47.582047,-122.319772,8,108
47.587273,-122.293785,79,179
47.582853,-122.288435,26,126
47.567239,-122.3166,85,185
47.603219,-122.292675,88,188
47.582813,-122.330028,5,105
47.558579,-122.301241,98,198
47.601279,-122.295846,101,201
47.616451,-122.296394,56,156
47.576468,-122.308951,88,188
47.571507,-122.288239,17,117
47.568256,-122.307083,103,203
47.600006,-122.305278,84,184
47.619721,-122.33796,21,121
47.558465,-122.304993,90,190
47.575555,-122.333911,6,106
47.605267,-122.294916,103,203
47.562862,-122.291852,46,146
47.59217,-122.293481,78,178
47.603253,-122.314258,68,168
47.583574,-122.313393,87,187
47.565863,-122.317819,68,168
47.584,-122.325315,3,103
47.595792,-122.29394,90,190
47.561788,-122.309343,101,201
47.56465,-122.331038,3,103
47.575622,-122.288802,28,128
47.600013,-122.307245,85,185
47.578462,-122.288999,44,144
47.589918,-122.299825,47,147
47.604909,-122.33496,25,125
47.565137,-122.289603,28,128
47.590837,-122.292393,80,180
47.568416,-122.334352,3,103
47.616175,-122.302598,103,203
47.559037,-122.291484,39,139
47.592264,-122.326182,5,105
47.614393,-122.298805,82,182
47.610191,-122.327418,93,193
47.561961,-122.293932,43,143
47.587729,-122.326028,9,109
47.584818,-122.290348,64,164
47.606141,-122.318144,100,200
47.601742,-122.294399,104,204
47.61768,-122.295508,38,138
47.605652,-122.288608,86,186
47.578373,-122.306078,66,166
47.616976,-122.335752,33,133
47.585056,-122.306887,28,128
47.571561,-122.292932,12,112
47.582753,-122.308837,54,154
47.607118,-122.316836,83,183
47.601782,-122.297879,92,192
47.603934,-122.301096,99,199
47.577374,-122.30803,80,180
47.565507,-122.301446,104,204
47.602731,-122.288401,52,152
47.600869,-122.318427,71,171
47.615752,-122.337972,31,131
47.600032,-122.324386,46,146
47.602284,-122.296747,96,196
47.59577,-122.313325,31,131
47.609598,-122.307612,117,217
47.567321,-122.332057,3,103
47.597484,-122.311292,48,148
47.579542,-122.332215,5,105
47.611049,-122.303712,99,199
47.610362,-122.322952,112,212
47.603555,-122.326951,65,165
47.595835,-122.320523,32,132
47.559693,-122.321955,26,126
47.593017,-122.329024,3,103
47.568611,-122.298605,52,152
47.611935,-122.335898,56,156
47.565829,-122.287529,12,112
47.609456,-122.326027,104,204
47.559531,-122.30216,85,185
47.60055,-122.3359,9,109
47.606946,-122.335259,85,185
47.620115,-122.337181,23,123
47.610361,-122.306899,109,209
47.606149,-122.292866,102,202
47.592559,-122.297725,55,155
47.599306,-122.301238,89,189
47.565337,-122.314357,86,186
47.577447,-122.301766,57,157
47.605573,-122.315972,79,179
47.586163,-122.289172,45,145
47.587335,-122.317313,83,183
47.604444,-122.322709,107,207
47.568163,-122.308734,102,202
47.594483,-122.317005,49,149
47.613627,-122.288211,100,200
47.604259,-122.287447,45,145
47.578806,-122.306071,66,166
47.595138,-122.289133,30,130
47.5983,-122.313531,45,145
47.611174,-122.336091,52,152
47.572755,-122.315399,70,170
47.608944,-122.321183,127,227
47.571928,-122.302476,81,181
47.582646,-122.323388,7,107
47.606074,-122.318776,102,202
47.582297,-122.30949,64,164
47.566002,-122.299811,82,182
47.58882,-122.299139,34,134
47.559675,-122.338087,8,108
47.59236,-122.292867,83,183
47.614784,-122.300767,93,193
47.571765,-122.293605,13,113
47.592229,-122.30617,44,144
47.584172,-122.297785,30,130
47.621099,-122.320628,104,204
47.582811,-122.335107,7,107
47.565445,-122.332031,3,103
47.574162,-122.309693,93,193
47.577705,-122.324497,4,104
47.593823,-122.289771,42,142
47.619794,-122.298593,60,160
47.574374,-122.331713,7,107
47.595925,-122.305614,74,174
47.590996,-122.287923,34,134
47.591997,-122.313308,69,169
47.602623,-122.29601,104,204
47.582714,-122.289811,45,145
47.56335,-122.321164,35,135
47.588129,-122.338067,2,102
47.59147,-122.336695,4,104
47.587635,-122.321321,4,104
47.61975,-122.297279,51,151
47.600869,-122.296488,96,196
47.602106,-122.288675,48,148
47.618068,-122.292385,43,143
47.568912,-122.293221,39,139
47.61645,-122.294668,52,152
47.567447,-122.292492,51,151
47.580124,-122.319036,19,119
47.595387,-122.311856,29,129
47.574081,-122.329765,6,106
47.619414,-122.291235,46,146
47.620105,-122.287991,82,182
47.61137,-122.302809,97,197
47.599223,-122.329003,9,109
47.584217,-122.291947,67,167
47.566197,-122.292942,44,144
47.606176,-122.299351,94,194
47.601658,-122.305816,91,191
47.580272,-122.312128,88,188
47.595312,-122.31732,39,139
47.569469,-122.308757,101,201
47.596832,-122.297467,75,175
47.562197,-122.287646,16,116
47.608505,-122.298876,86,186
47.597314,-122.290199,47,147
47.596323,-122.3332,10,110
47.620928,-122.319577,103,203
47.580979,-122.294581,48,148
47.579642,-122.335131,5,105
47.609564,-122.335042,81,181
47.620727,-122.303632,110,210
47.607624,-122.315504,80,180
47.620136,-122.291373,42,142
47.615273,-122.308611,131,231
47.58172,-122.32998,7,107
47.596003,-122.297495,72,172
47.573555,-122.301721,69,169
47.593686,-122.307942,39,139
47.583371,-122.320084,11,111
47.600207,-122.288521,55,155
47.559782,-122.303297,89,189
47.589202,-122.317944,85,185
47.609384,-122.332835,67,167
47.591226,-122.306293,34,134
47.613571,-122.332894,50,150
47.606285,-122.327008,78,178
47.578572,-122.325192,4,104
47.578617,-122.293591,40,140
47.567754,-122.309686,104,204
47.584901,-122.295122,65,165
47.580584,-122.288136,35,135
47.581319,-122.314503,83,183
47.575307,-122.301316,53,153
47.580859,-122.327609,4,104
47.610073,-122.289418,108,208
47.602246,-122.325028,70,170
47.57186,-122.308165,96,196
47.620809,-122.331226,36,136
47.618909,-122.309497,128,228
47.569777,-122.301823,94,194
47.596571,-122.31729,48,148
47.603107,-122.299993,97,197
47.577132,-122.289191,37,137
47.569354,-122.332276,3,103
47.606369,-122.295912,93,193
47.58207,-122.295154,51,151
47.60468,-122.319409,98,198
47.587754,-122.313784,86,186
47.614903,-122.320599,96,196
47.591199,-122.298927,55,155
47.617933,-122.308823,128,228
47.589009,-122.311702,51,151
47.57142,-122.320218,22,122
47.582141,-122.323213,6,106
47.59576,-122.289504,41,141
47.576963,-122.301762,56,156
47.568138,-122.315999,85,185
47.568403,-122.335692,5,105
47.559986,-122.334159,2,102
47.620951,-122.298594,62,162
47.564568,-122.320927,24,124
47.610024,-122.296562,78,178
47.568027,-122.325789,4,104
47.595136,-122.330335,28,128
47.588687,-122.297915,37,137
47.586897,-122.295411,70,170
47.610202,-122.314181,93,193
47.594625,-122.308052,49,149
47.594204,-122.312648,33,133
47.60423,-122.296717,94,194
47.618102,-122.301834,100,200
47.606023,-122.338201,41,141
47.589989,-122.316881,95,195
47.60395,-122.28953,69,169
47.570911,-122.33671,5,105
47.563879,-122.302074,100,200
47.601414,-122.335861,7,107
47.570954,-122.288913,15,115
47.611586,-122.308882,123,223
47.587527,-122.291514,69,169
47.609307,-122.311574,107,207
47.560323,-122.336391,5,105
47.593488,-122.287878,11,111
47.606218,-122.336106,38,138
47.60444,-122.312902,81,181
47.560186,-122.316615,63,163
47.594735,-122.323763,15,115
47.603068,-122.323169,105,205
47.560112,-122.293664,40,140
47.615292,-122.317517,97,197
47.574052,-122.311493,92,192
47.580277,-122.308018,68,168
47.612705,-122.307512,118,218
47.587237,-122.289443,50,150
47.617545,-122.305482,105,205
47.597614,-122.314612,40,140
47.602511,-122.304419,83,183
47.587119,-122.29223,73,173
47.590012,-122.314981,95,195
47.611559,-122.297302,78,178
47.593795,-122.306123,58,158
47.609491,-122.327224,102,202
47.598097,-122.333243,21,121
47.564406,-122.297375,49,149
47.581026,-122.315401,77,177
47.598109,-122.297424,83,183
47.601625,-122.316705,66,166
47.615054,-122.306221,109,209
47.579489,-122.288148,38,138
47.559053,-122.331383,3,103
47.600293,-122.313779,59,159
47.58102,-122.332816,5,105
47.614117,-122.319522,92,192
47.565449,-122.321206,9,109
47.574383,-122.338218,4,104
47.61704,-122.288119,88,188
47.56396,-122.314791,85,185
47.595841,-122.292748,83,183
47.60876,-122.315452,85,185
47.588378,-122.336837,3,103
47.566663,-122.289847,33,133
47.592876,-122.334317,8,108
47.618715,-122.318183,101,201
47.593717,-122.294413,80,180
47.565081,-122.334154,4,104
47.590101,-122.322497,6,106
47.562981,-122.326675,1,101
47.577785,-122.326678,4,104
47.59712,-122.296893,78,178
47.563841,-122.330482,6,106
47.619454,-122.306101,108,208
47.585628,-122.329052,6,106
47.618347,-122.290007,66,166
47.601685,-122.317627,75,175
47.618068,-122.296175,37,137
47.598443,-122.325062,27,127
47.568099,-122.324052,6,106
47.581022,-122.309506,72,172
47.561513,-122.293625,43,143
47.558622,-122.292761,42,142
47.619918,-122.317553,106,206
47.617983,-122.288336,74,174
47.568962,-122.31635,86,186
47.568513,-122.338367,5,105
47.576674,-122.31534,80,180
47.618873,-122.293363,30,130
47.570804,-122.309042,96,196
47.588202,-122.288068,40,140
47.57051,-122.322839,3,103
47.612936,-122.311793,118,218
47.620899,-122.332991,36,136
47.58958,-122.320017,39,139
47.572263,-122.289399,21,121
47.621118,-122.318619,102,202
47.604191,-122.295078,104,204
47.574031,-122.300988,55,155
47.604297,-122.288632,60,160
47.60146,-122.288073,33,133
47.620478,-122.300669,84,184
47.568912,-122.326358,5,105
47.600886,-122.325575,53,153
47.598145,-122.335932,2,102
47.58837,-122.311573,55,155
47.605329,-122.311577,93,193
47.615847,-122.300097,89,189
47.606115,-122.302088,88,188
47.618161,-122.295498,35,135
47.609503,-122.336006,72,172
47.59155,-122.315255,96,196
47.580548,-122.336705,6,106
47.619466,-122.319536,100,200
47.597547,-122.321462,36,136
47.608398,-122.334371,77,177
47.570531,-122.31111,91,191
47.564644,-122.317956,72,172
47.587878,-122.301285,38,138
47.560555,-122.322062,28,128
47.561733,-122.338088,4,104
47.60087,-122.292971,92,192
47.616482,-122.299856,84,184
47.620296,-122.318258,104,204
47.614281,-122.330277,54,154
47.572161,-122.28887,20,120
47.579259,-122.292993,47,147
47.620882,-122.313541,127,227
47.563025,-122.29129,47,147
47.585258,-122.290887,67,167
47.58449,-122.300483,30,130
47.616497,-122.287483,91,191
47.59014,-122.313866,82,182
47.576251,-122.309531,92,192
47.592592,-122.312001,39,139
47.589428,-122.297664,43,143
47.587274,-122.335131,5,105
47.616074,-122.332244,44,144
47.563653,-122.290395,47,147
47.61848,-122.310823,130,230
47.606667,-122.294914,97,197
47.611972,-122.289372,101,201
47.560688,-122.301974,118,218
47.586463,-122.328409,5,105
47.620226,-122.318915,103,203
47.588248,-122.317316,87,187
47.593526,-122.301154,69,169
47.559012,-122.304501,91,191
47.616933,-122.319775,100,200
47.574074,-122.314138,79,179
47.56663,-122.333313,3,103
47.562114,-122.295443,47,147
47.577543,-122.289829,37,137
47.610935,-122.310854,118,218
47.610295,-122.336768,51,151
47.590202,-122.32603,2,102
47.612966,-122.300668,95,195
47.581917,-122.32493,6,106
47.598664,-122.317824,51,151
47.59499,-122.325395,15,115
47.586921,-122.299187,32,132
47.617904,-122.309507,131,231
47.608935,-122.312863,100,200
47.568396,-122.332043,4,104
47.609105,-122.335638,61,161
47.603807,-122.337004,21,121
47.604548,-122.305073,89,189
47.600881,-122.314469,60,160
47.569844,-122.295339,36,136
47.594359,-122.297846,66,166
47.586239,-122.294066,77,177
47.564598,-122.319973,46,146
47.574274,-122.307759,90,190
47.613443,-122.304938,107,207
47.58241,-122.325966,5,105
47.573111,-122.305123,81,181
47.59352,-122.312772,44,144
47.594402,-122.2916,61,161
47.584478,-122.318109,52,152
47.604345,-122.311322,89,189
47.614593,-122.306234,106,206
47.580547,-122.312128,87,187
47.587805,-122.312718,79,179
47.5972,-122.322508,25,125
47.577715,-122.336712,3,103
47.611344,-122.317739,91,191
47.600467,-122.295854,96,196
47.583906,-122.293,71,171
47.591442,-122.295488,52,152
47.606148,-122.306841,98,198
47.567084,-122.295286,42,142
47.58448,-122.299065,30,130
47.61989,-122.321061,104,204
47.593324,-122.29617,60,160
47.5807,-122.300195,15,115
47.60065,-122.293776,101,201
47.601089,-122.333538,19,119
47.575895,-122.297037,13,113
47.618121,-122.319201,103,203
47.570007,-122.29568,36,136
47.607923,-122.287569,98,198
47.587663,-122.289019,52,152
47.60732,-122.335608,46,146
47.582246,-122.293605,60,160
47.56624,-122.294613,42,142
47.604938,-122.31813,89,189
47.570554,-122.314018,72,172
47.617777,-122.307396,120,220
47.604471,-122.3044,82,182
47.584544,-122.308674,50,150
47.57265,-122.31848,34,134
47.614939,-122.301418,95,195
47.60616,-122.30363,85,185
47.60925,-122.289796,108,208
47.616459,-122.296839,56,156
47.613767,-122.334742,60,160
47.613344,-122.302683,97,197
47.575466,-122.328379,7,107
47.559117,-122.329446,2,102
47.56687,-122.315977,87,187
47.612957,-122.304873,107,207
47.568099,-122.297147,33,133
47.617239,-122.3262,75,175
47.597373,-122.287818,19,119
47.578837,-122.302331,54,154
47.577443,-122.316018,76,176
47.585482,-122.295587,59,159
47.576814,-122.336721,3,103
47.605502,-122.326283,89,189
47.587732,-122.329046,8,108
47.583646,-122.294038,62,162
47.584556,-122.335131,1,101
47.615476,-122.336173,35,135
47.575218,-122.309226,91,191
47.61725,-122.319852,95,195
47.576351,-122.33439,5,105
47.596423,-122.31187,35,135
47.609711,-122.309588,118,218
47.573118,-122.334319,4,104
47.609397,-122.305698,103,203
47.600286,-122.296279,93,193
47.594074,-122.296611,65,165
47.618346,-122.300555,85,185
47.592637,-122.303264,54,154
47.6045,-122.291216,86,186
47.575471,-122.304354,74,174
47.566324,-122.31534,89,189
47.606799,-122.321877,112,212
47.603528,-122.32035,99,199
47.609943,-122.338007,48,148
47.599759,-122.295045,98,198
47.585175,-122.310806,73,173
47.568956,-122.322035,6,106
47.60926,-122.290721,107,207
47.620404,-122.294799,35,135
47.587849,-122.298077,35,135
47.560877,-122.293721,44,144
47.589859,-122.295369,48,148
47.56489,-122.306261,107,207
47.590828,-122.308742,29,129
47.614789,-122.294236,67,167
47.59834,-122.312379,56,156
47.58891,-122.327449,4,104
47.586536,-122.333298,6,106
47.571971,-122.307564,95,195
47.600841,-122.313812,60,160
47.590939,-122.290464,70,170
47.569206,-122.314769,81,181
47.620746,-122.307918,116,216
47.615693,-122.298793,76,176
47.560722,-122.321498,42,142
47.591228,-122.292996,76,176
47.599952,-122.28763,33,133
47.6209,-122.314324,128,228
47.603539,-122.294732,105,205
47.581902,-122.296465,35,135
47.621155,-122.313063,129,229
47.618033,-122.322218,98,198
47.583876,-122.332364,6,106
47.563496,-122.314088,81,181
47.596636,-122.308081,62,162
47.6168,-122.304866,106,206
47.604062,-122.311268,86,186
47.600856,-122.32074,74,174
47.565773,-122.333283,5,105
47.572659,-122.320747,10,110
47.580694,-122.292998,52,152
47.582016,-122.291951,56,156
47.618421,-122.3012,94,194
47.619203,-122.326603,78,178
47.586686,-122.312703,82,182
47.619958,-122.316591,113,213
47.589003,-122.293608,67,167
47.593278,-122.292919,84,184
47.573078,-122.301676,69,169
47.585615,-122.296421,49,149
47.602151,-122.304419,82,182
47.612507,-122.294908,75,175
47.614589,-122.311483,128,228
47.604905,-122.29787,92,192
47.6095,-122.29438,92,192
47.595012,-122.316523,35,135
47.568957,-122.311956,92,192
47.614162,-122.297518,71,171
47.620075,-122.336529,30,130
47.591235,-122.310008,28,128
47.576144,-122.326538,7,107
47.567495,-122.31536,88,188
47.588797,-122.303898,28,128
47.560536,-122.313,83,183
47.615179,-122.303611,102,202
47.600614,-122.334845,21,121
47.571406,-122.310655,92,192
47.558942,-122.302861,85,185
47.559418,-122.315614,63,163
47.585065,-122.323422,3,103
47.609561,-122.329365,90,190
47.602283,-122.290371,79,179
47.60628,-122.337168,50,150
47.559507,-122.332506,2,102
47.595342,-122.333413,9,109
47.568057,-122.32284,4,104
47.577409,-122.31736,68,168
47.577379,-122.28879,40,140
47.563042,-122.318009,68,168
47.575616,-122.337305,5,105
47.581517,-122.328784,5,105
47.590865,-122.314061,82,182
47.576994,-122.306203,74,174
47.573508,-122.292365,16,116
47.594642,-122.329022,4,104
47.559395,-122.298015,107,207
47.571839,-122.319908,25,125
47.572149,-122.29916,44,144
47.593982,-122.295472,66,166
47.595531,-122.287832,19,119
47.566361,-122.312722,85,185
47.581978,-122.297315,28,128
47.588462,-122.305128,24,124
47.593559,-122.311829,32,132
47.582897,-122.316711,64,164
47.585579,-122.299052,33,133
47.616071,-122.316849,103,203
47.58884,-122.289981,63,163
47.5967,-122.293462,97,197
47.604336,-122.309756,96,196
47.595762,-122.288703,28,128
47.602665,-122.301545,97,197
47.585192,-122.332316,4,104
47.577407,-122.303358,66,166
47.571721,-122.289953,18,118
47.599588,-122.332246,22,122
47.603478,-122.296741,96,196
47.576325,-122.287721,33,133
47.595221,-122.331398,31,131
47.613324,-122.326219,85,185
47.559944,-122.31417,72,172
47.570726,-122.316708,78,178
47.566256,-122.320598,17,117
47.574729,-122.321548,7,107
47.572764,-122.33701,4,104
47.584538,-122.306073,24,124
47.59385,-122.334669,6,106
47.595742,-122.329028,9,109
47.611465,-122.337884,46,146
47.560195,-122.29666,83,183
47.588936,-122.329221,8,108
47.587282,-122.296009,65,165
47.599616,-122.292602,98,198
47.577037,-122.291946,34,134
47.620951,-122.300543,84,184
47.602548,-122.292535,85,185
47.558358,-122.330894,5,105
47.571442,-122.336649,5,105
47.559456,-122.296866,101,201
47.581619,-122.317441,51,151
47.587196,-122.329993,3,103
47.610021,-122.297533,80,180
47.611927,-122.319021,93,193
47.611145,-122.330269,74,174
47.608431,-122.3304,65,165
47.592555,-122.307082,34,134
47.590004,-122.307851,30,130
47.588257,-122.292588,83,183
47.574324,-122.306058,81,181
47.575684,-122.317389,74,174
47.571765,-122.333235,4,104
47.582768,-122.30163,15,115
47.61357,-122.333599,53,153
47.600582,-122.331612,14,114
47.579498,-122.316056,74,174
47.620764,-122.312065,134,234
47.604967,-122.311581,92,192
47.598439,-122.296288,87,187
47.561495,-122.323178,8,108
47.57859,-122.295162,28,128
47.57444,-122.287745,28,128
47.601901,-122.306357,92,192
47.580052,-122.313473,88,188
47.609838,-122.29265,102,202
47.588877,-122.301112,43,143
47.575082,-122.30359,72,172
47.583658,-122.317377,63,163
47.602939,-122.327791,68,168
47.583623,-122.295415,60,160
47.561898,-122.305074,101,201
47.61976,-122.303652,107,207
47.604536,-122.297866,93,193
47.620774,-122.294785,37,137
47.570409,-122.296779,31,131
47.58437,-122.288631,38,138
47.561132,-122.30632,96,196
47.596395,-122.321477,29,129
47.606688,-122.321244,111,211
47.58363,-122.291375,58,158
47.561793,-122.321458,29,129
47.57246,-122.288377,20,120
47.588166,-122.305696,22,122
47.576516,-122.290327,36,136
47.558374,-122.30335,90,190
47.577703,-122.293595,31,131
47.558425,-122.332494,2,102
47.610048,-122.305926,105,205
47.573908,-122.294989,19,119
47.561077,-122.323698,4,104
47.56797,-122.292978,48,148
47.61912,-122.289183,81,181
47.58844,-122.290534,67,167
47.616972,-122.317746,100,200
47.5988,-122.310204,68,168
47.588477,-122.30557,22,122
47.612917,-122.318062,94,194
47.594542,-122.287862,16,116
47.585753,-122.305541,22,122
47.57662,-122.312083,89,189
47.613355,-122.308169,122,222
47.615733,-122.320044,97,197
47.592962,-122.297801,56,156
47.593801,-122.335838,1,101
47.608838,-122.331077,69,169
47.579639,-122.295166,34,134
47.581401,-122.299923,15,115
47.578674,-122.315328,75,175
47.584198,-122.327599,4,104
47.57041,-122.299242,75,175
47.620693,-122.299895,78,178
47.599227,-122.303342,97,197
47.562875,-122.316722,72,172
47.588936,-122.290532,70,170
47.606171,-122.294437,102,202
47.558649,-122.317459,56,156
47.584959,-122.312089,78,178
47.584939,-122.29642,48,148
47.618964,-122.331085,43,143
47.56645,-122.306467,107,207
47.60436,-122.317066,81,181
47.570764,-122.301796,90,190
47.612139,-122.310168,123,223
47.575102,-122.306796,83,183
47.616238,-122.30357,102,202
47.593041,-122.306537,46,146
47.602393,-122.297883,90,190
47.571384,-122.314377,69,169
47.605579,-122.287771,85,185
47.57915,-122.325203,1,101
47.594618,-122.290162,43,143
47.610547,-122.298204,81,181
47.597624,-122.319644,41,141
47.577833,-122.325198,3,103
47.574452,-122.307258,89,189
47.566296,-122.318074,64,164
47.570717,-122.328925,6,106
47.599977,-122.292592,96,196
47.60084,-122.312079,71,171
47.563114,-122.321755,19,119
47.575459,-122.331111,7,107
47.605834,-122.33356,44,144
47.560489,-122.308718,90,190
47.590498,-122.287497,27,127
47.570166,-122.294744,32,132
47.598614,-122.316364,53,153
47.561168,-122.316096,70,170
47.603265,-122.318119,80,180
47.578239,-122.332479,3,103
47.597706,-122.297444,79,179
47.600844,-122.309946,83,183
47.577748,-122.314533,77,177
47.566718,-122.333966,4,104
47.579287,-122.330032,5,105
47.578355,-122.30331,64,164
47.619919,-122.322255,102,202
47.576227,-122.289876,35,135
47.614287,-122.32446,85,185
47.583003,-122.320701,3,103
47.563066,-122.309199,99,199
47.599247,-122.312971,59,159
47.594137,-122.329628,7,107
47.588576,-122.308406,35,135
47.562472,-122.31282,85,185
47.619628,-122.325595,85,185
47.559027,-122.310619,81,181
47.561115,-122.32673,5,105
47.582579,-122.329051,5,105
47.570375,-122.307921,99,199
47.58821,-122.322804,6,106
47.573082,-122.302666,72,172
47.612852,-122.333693,63,163
47.615528,-122.3343,41,141
47.620624,-122.304783,108,208
47.610739,-122.328923,95,195
47.603519,-122.30824,94,194
47.562861,-122.287606,14,114
47.588399,-122.302227,41,141
47.589828,-122.332111,15,115
47.620841,-122.324389,93,193
47.569654,-122.324854,3,103
47.609244,-122.337372,62,162
47.579068,-122.29627,21,121
47.586147,-122.315992,95,195
47.582895,-122.317255,60,160
47.592409,-122.330283,8,108
47.564337,-122.316682,75,175
47.584522,-122.305333,21,121
47.589696,-122.334094,5,105
47.607073,-122.320779,111,211
47.610982,-122.338172,52,152
47.562208,-122.31922,57,157
47.58844,-122.306616,23,123
47.560909,-122.308693,92,192
47.559344,-122.336832,6,106
47.5833,-122.294133,59,159
47.598825,-122.290002,39,139
47.579599,-122.330662,6,106
47.57995,-122.287605,44,144
47.594346,-122.333248,4,104
47.57095,-122.294726,33,133
47.607592,-122.303785,91,191
47.620854,-122.297275,48,148
47.573777,-122.29093,21,121
47.568751,-122.317278,74,174
47.563087,-122.290242,41,141
47.591205,-122.299717,56,156
47.576605,-122.311427,90,190
47.603191,-122.316758,70,170
47.608582,-122.316838,88,188
47.619198,-122.334276,42,142
47.606742,-122.295907,90,190
47.593078,-122.32781,2,102
47.599212,-122.289042,56,156
47.601631,-122.291669,78,178
47.58454,-122.310733,73,173
47.598377,-122.302198,86,186
47.598087,-122.300419,87,187
47.592925,-122.311621,28,128
47.598049,-122.331618,15,115
47.594793,-122.304877,67,167
47.567902,-122.329181,9,109
47.559072,-122.316111,60,160
47.61118,-122.312852,105,205
47.597162,-122.336306,4,104
47.580033,-122.315516,74,174
47.601713,-122.318638,83,183
47.590406,-122.316003,99,199
47.576056,-122.300307,47,147
47.595529,-122.309997,34,134
47.581096,-122.336704,10,110
47.564408,-122.321441,19,119
47.582085,-122.320245,5,105
47.618239,-122.297277,49,149
47.608022,-122.314441,84,184
47.558965,-122.297429,109,209
47.591172,-122.315998,97,197
47.615312,-122.299393,79,179
47.586508,-122.33511,5,105
47.580434,-122.296522,21,121
47.578889,-122.306733,67,167
47.574617,-122.30436,74,174
47.588268,-122.329961,4,104
47.602092,-122.307679,91,191
47.558368,-122.296831,104,204
47.593162,-122.325997,8,108
47.585602,-122.287592,29,129
47.588045,-122.308416,35,135
47.570684,-122.299244,65,165
47.603425,-122.288408,43,143
47.614124,-122.296281,66,166
47.597464,-122.305747,79,179
47.593514,-122.299061,67,167
47.578383,-122.336732,3,103
47.621124,-122.317621,109,209
47.620175,-122.296025,38,138
47.576342,-122.330028,6,106
47.579637,-122.321375,5,105
47.561442,-122.336792,5,105
47.581889,-122.312769,84,184
47.599741,-122.297311,88,188
47.589409,-122.306681,23,123
47.605656,-122.315503,77,177
47.618922,-122.302995,105,205
47.610803,-122.287727,99,199
47.604282,-122.323572,104,204
47.579879,-122.324456,10,110
47.572737,-122.300589,58,158
47.55893,-122.323243,4,104
47.560801,-122.293141,39,139
47.61792,-122.326097,78,178
47.600611,-122.322937,59,159
47.602473,-122.335786,16,116
47.568196,-122.317236,68,168
47.55866,-122.321014,40,140
47.594244,-122.30116,71,171
47.607389,-122.306348,95,195
47.617459,-122.32676,72,172
47.574447,-122.308328,92,192
47.578013,-122.303308,65,165
47.613232,-122.332785,52,152
47.583911,-122.296427,47,147
47.597473,-122.307192,73,173
47.591117,-122.302878,47,147
47.576712,-122.317369,71,171
47.601123,-122.311265,79,179
47.596966,-122.331577,3,103
47.618272,-122.320901,102,202
47.611663,-122.321134,105,205
47.598815,-122.315515,51,151
47.592487,-122.331948,9,109
47.603671,-122.322225,110,210
47.5605,-122.307454,95,195
47.562622,-122.309806,95,195
47.619417,-122.300541,80,180
47.598321,-122.30852,74,174
47.595484,-122.319757,30,130
47.598422,-122.331663,21,121
47.587434,-122.294926,73,173
47.6052,-122.317212,82,182
47.573232,-122.325938,5,105
47.588748,-122.301464,47,147
47.598317,-122.308114,77,177
47.582742,-122.312763,81,181
47.587067,-122.315999,96,196
47.603872,-122.316756,71,171
47.607978,-122.335453,61,161
47.592977,-122.333807,5,105
47.602299,-122.311597,80,180
47.600166,-122.309011,82,182
47.570183,-122.313859,78,178
47.564847,-122.293393,42,142
47.590235,-122.333502,14,114
47.558371,-122.288839,36,136
47.604306,-122.300381,97,197
47.605779,-122.310256,99,199
47.592488,-122.32136,20,120
47.608626,-122.312211,102,202
47.594364,-122.313823,50,150
47.588322,-122.299058,35,135
47.569975,-122.314783,81,181
47.612586,-122.334292,64,164
47.558593,-122.298031,110,210
47.618238,-122.312116,133,233
47.620668,-122.323485,98,198
47.61467,-122.324827,86,186
47.574405,-122.325719,6,106
47.573421,-122.310821,91,191
47.594781,-122.318409,33,133
47.620214,-122.305529,107,207
47.562927,-122.294073,42,142
47.595862,-122.307728,61,161
47.57281,-122.328973,4,104
47.614334,-122.31818,99,199
47.606036,-122.322171,109,209
47.595823,-122.310148,36,136
47.583953,-122.32874,3,103
47.601664,-122.30731,91,191
47.597388,-122.334243,9,109
47.614564,-122.287632,92,192
47.601968,-122.325426,61,161
47.601331,-122.303797,84,184
47.574628,-122.319758,14,114
47.597782,-122.306407,78,178
47.599209,-122.329748,9,109
47.58006,-122.332477,7,107
47.607686,-122.324438,96,196
47.567573,-122.312041,87,187
47.589708,-122.29351,63,163
47.575134,-122.315349,75,175
47.61002,-122.299311,87,187
47.564448,-122.294514,44,144
47.597654,-122.336309,2,102
47.59055,-122.313424,74,174
47.600159,-122.291304,68,168
47.583134,-122.323217,8,108
47.580558,-122.32954,8,108
47.568363,-122.299892,75,175
47.580997,-122.295962,34,134
47.610068,-122.315446,89,189
47.607974,-122.293296,98,198
47.585276,-122.314041,90,190
47.617989,-122.33843,24,124
47.563648,-122.292195,50,150
47.558526,-122.33683,6,106
47.602086,-122.318276,80,180
47.616028,-122.294212,62,162
47.571145,-122.299185,50,150
47.581359,-122.331688,4,104
47.617361,-122.323467,92,192
47.569651,-122.316673,83,183
47.617445,-122.337583,27,127
47.592615,-122.296772,55,155
47.612379,-122.323355,105,205
47.607395,-122.2968,88,188
47.580469,-122.304345,57,157
47.601285,-122.330929,44,144
47.580486,-122.287485,44,144
47.610659,-122.296206,76,176
47.562052,-122.301944,100,200
47.59038,-122.312243,54,154
47.596384,-122.331408,11,111
47.558387,-122.306609,98,198
47.574373,-122.332432,6,106
47.605045,-122.338223,11,111
47.61282,-122.319399,90,190
47.56138,-122.326651,6,106
47.572153,-122.325888,7,107
47.582031,-122.310153,71,171
47.601349,-122.291351,73,173
47.609226,-122.319743,106,206
47.610738,-122.31545,92,192
47.61129,-122.329462,75,175
47.55978,-122.32334,4,104
47.605225,-122.335972,25,125
47.560863,-122.296733,66,166
47.571389,-122.295487,27,127
47.586366,-122.31133,69,169
47.577865,-122.332608,3,103
47.615815,-122.302605,101,201
47.614676,-122.302632,99,199
47.593727,-122.304685,63,163
47.614132,-122.322107,92,192
47.606856,-122.320083,112,212
47.597628,-122.329709,6,106
47.565036,-122.314773,85,185
47.600071,-122.33595,10,110
47.601842,-122.327026,46,146
47.590731,-122.329901,16,116
47.620847,-122.310072,127,227
47.597763,-122.301169,87,187
47.616096,-122.294858,55,155
47.567024,-122.310065,104,204
47.57408,-122.290982,24,124
47.568178,-122.299428,64,164
47.573209,-122.313961,77,177
47.562363,-122.321927,12,112
47.607014,-122.292606,99,199
47.60352,-122.307369,96,196
47.605453,-122.333896,53,153
47.608958,-122.289446,106,206
47.570893,-122.314167,68,168
47.582265,-122.327621,3,103
47.559036,-122.309182,84,184
47.577844,-122.291949,36,136
47.595771,-122.298796,72,172
47.566583,-122.331967,2,102
47.603498,-122.30021,99,199
47.575608,-122.287728,30,130
47.595729,-122.293385,90,190
47.601276,-122.305082,88,188
47.609561,-122.308252,122,222
47.600125,-122.303294,85,185
47.60542,-122.310257,99,199
47.560584,-122.323272,4,104
47.590269,-122.331689,18,118
47.585137,-122.29141,68,168
47.604923,-122.332613,50,150
47.585733,-122.306882,27,127
47.585699,-122.334513,3,103
47.567265,-122.311057,93,193
47.586972,-122.323577,6,106
47.574633,-122.288828,22,122
47.588743,-122.295992,44,144
47.604009,-122.321394,106,206
47.594149,-122.324217,12,112
47.577744,-122.316693,72,172
47.577751,-122.321833,8,108
47.610844,-122.331912,71,171
47.599156,-122.315961,52,152
47.616976,-122.323465,91,191
47.576075,-122.288793,28,128
47.559685,-122.289712,40,140
47.567627,-122.314745,77,177
47.595454,-122.307313,60,160
47.59294,-122.29929,63,163
47.565718,-122.315993,79,179
47.572568,-122.3338,4,104
47.566768,-122.322771,6,106
47.597904,-122.308585,72,172
47.618025,-122.312804,124,224
47.562457,-122.338069,2,102
47.617338,-122.338296,25,125
47.558756,-122.293419,60,160
47.583758,-122.318254,47,147
47.588078,-122.291489,78,178
47.608442,-122.297571,86,186
47.619936,-122.319015,101,201
47.567045,-122.310661,96,196
47.581634,-122.331639,4,104
47.560406,-122.302946,97,197
47.591503,-122.302301,50,150
47.619879,-122.3054,106,206
47.585885,-122.298069,33,133
47.621213,-122.289988,45,145
47.615631,-122.314292,108,208
47.58678,-122.328406,6,106
47.567155,-122.296242,39,139
47.610467,-122.302816,95,195
47.57767,-122.295166,22,122
47.602682,-122.312368,79,179
47.617348,-122.297474,52,152
47.620511,-122.309585,124,224
47.5979,-122.307257,78,178
47.6009,-122.330352,33,133
47.607862,-122.326366,109,209
47.609242,-122.320927,116,216
47.582468,-122.296445,38,138
47.574173,-122.336636,2,102
47.577881,-122.301322,51,151
47.600986,-122.29258,88,188
47.605935,-122.317468,88,188
47.611707,-122.336584,72,172
47.575924,-122.29909,28,128
47.584165,-122.310817,76,176
47.569324,-122.332927,7,107
47.577261,-122.313393,85,185
47.588195,-122.323604,7,107
47.604334,-122.30333,93,193
47.560505,-122.310686,88,188
47.615661,-122.327452,72,172
47.561568,-122.335468,4,104
47.599987,-122.306074,85,185
47.590018,-122.290407,67,167
47.56893,-122.323268,3,103
47.608363,-122.324249,116,216
47.566598,-122.315968,88,188
47.567196,-122.325488,2,102
47.577454,-122.319361,29,129
47.616959,-122.303569,101,201
47.567748,-122.300149,82,182
47.560779,-122.333595,0,100
47.572261,-122.295905,24,124
47.588072,-122.309878,37,137
47.565854,-122.316635,78,178
47.558878,-122.294383,72,172
47.615694,-122.330146,55,155
47.590498,-122.312737,59,159
47.59243,-122.325543,5,105
47.578857,-122.334175,4,104
47.577878,-122.30979,88,188
47.59663,-122.29085,62,162
47.572243,-122.319246,41,141
47.609639,-122.300823,89,189
47.577415,-122.300319,40,140
47.61065,-122.308871,121,221
47.568627,-122.308957,100,200
47.613856,-122.297519,73,173
47.616274,-122.310816,132,232
47.577775,-122.30032,39,139
47.607657,-122.289455,104,204
47.617631,-122.294267,39,139
47.608002,-122.309246,113,213
47.615587,-122.316837,101,201
47.574385,-122.33621,2,102
47.583731,-122.320683,6,106
47.613676,-122.290355,103,203
47.607678,-122.319584,114,214
47.584786,-122.323442,3,103
47.579059,-122.326895,5,105
47.593277,-122.29335,83,183
47.575764,-122.290937,29,129
47.599638,-122.319848,54,154
47.591208,-122.300249,50,150
47.574628,-122.30529,75,175
47.597933,-122.288838,30,130
47.584848,-122.29305,74,174
47.585006,-122.314042,90,190
47.589968,-122.321766,7,107
47.580812,-122.323266,6,106
47.612991,-122.324827,97,197
47.601221,-122.319532,78,178
47.603605,-122.319891,96,196
47.569787,-122.315422,85,185
47.619127,-122.287429,73,173
47.58017,-122.314736,80,180
47.603806,-122.290452,73,173
47.573088,-122.303947,75,175
47.604041,-122.318763,92,192
47.590603,-122.293465,65,165
47.568463,-122.314749,78,178
47.601667,-122.308307,89,189
47.561243,-122.325098,5,105
47.592072,-122.336849,4,104
47.599234,-122.307817,84,184
47.574472,-122.28829,23,123
47.611093,-122.301484,94,194
47.61383,-122.323418,95,195
47.618008,-122.326798,69,169
47.618219,-122.302541,103,203
47.611903,-122.315443,95,195
47.615637,-122.31559,107,207
47.575056,-122.333245,3,103
47.580693,-122.300598,19,119
47.619511,-122.293508,31,131
47.605476,-122.320855,106,206
47.558327,-122.299184,99,199
47.618504,-122.305003,105,205
47.57194,-122.316744,75,175
47.587982,-122.299159,35,135
47.580614,-122.290332,50,150
47.573711,-122.294542,19,119
47.609709,-122.321914,120,220
47.612166,-122.304994,105,205
47.610611,-122.316,88,188
47.612112,-122.317756,92,192
47.572051,-122.291954,11,111
47.605802,-122.298914,93,193
47.615739,-122.288153,94,194
47.618512,-122.318529,101,201
47.618702,-122.291254,52,152
47.55848,-122.313448,69,169
47.621142,-122.315118,127,227
47.564964,-122.312758,90,190
47.619545,-122.294815,32,132
47.601249,-122.323875,65,165
47.559658,-122.306517,95,195
47.589302,-122.33515,0,100
47.597169,-122.312437,38,138
47.61854,-122.312804,127,227
47.612894,-122.313274,107,207
47.564428,-122.301486,104,204
47.599001,-122.316576,51,151
47.620666,-122.296118,39,139
47.615691,-122.304896,105,205
47.615721,-122.298143,74,174
47.59502,-122.292776,76,176
47.590981,-122.302179,46,146
47.570208,-122.301814,91,191
47.610999,-122.325956,106,206
47.607664,-122.335111,46,146
47.563967,-122.317339,72,172
47.584003,-122.300335,23,123
47.59056,-122.334114,9,109
47.561542,-122.28884,26,126
47.612128,-122.320857,99,199
47.595926,-122.305148,73,173
47.616159,-122.310163,134,234
47.600289,-122.332239,10,110
47.598338,-122.310191,68,168
47.559087,-122.290409,39,139
47.608011,-122.318009,89,189
47.581138,-122.288883,34,134
47.587339,-122.315999,99,199
47.608968,-122.292625,103,203
47.560421,-122.313433,76,176
47.560396,-122.29986,81,181
47.610669,-122.312169,110,210
47.583109,-122.327613,4,104
47.598792,-122.292679,100,200
47.570465,-122.308885,96,196
47.564721,-122.332031,2,102
47.58367,-122.30871,56,156
47.60109,-122.323545,57,157
47.619396,-122.318241,105,205
47.610826,-122.298862,84,184
47.621352,-122.29402,36,136
47.579672,-122.304358,60,160
47.564828,-122.292728,47,147
47.568559,-122.297301,36,136
47.616827,-122.328807,62,162
47.614046,-122.288869,101,201
47.578324,-122.29584,19,119
47.621148,-122.313935,130,230
47.605782,-122.305712,88,188
47.591564,-122.317913,89,189
47.565415,-122.316659,75,175
47.608141,-122.332497,68,168
47.559595,-122.292406,41,141
47.609258,-122.287696,100,200
47.604029,-122.327955,31,131
47.563879,-122.331335,6,106
47.561259,-122.326157,6,106
47.567351,-122.312509,81,181
47.593959,-122.329026,11,111
47.580825,-122.296793,20,120
47.615754,-122.292415,72,172
47.579992,-122.296336,22,122
47.604515,-122.294334,105,205
47.58609,-122.331159,4,104
47.593307,-122.29672,59,159
47.590053,-122.298126,48,148
47.601679,-122.322779,74,174
47.589279,-122.327376,3,103
47.577697,-122.305398,68,168
47.568603,-122.3074,102,202
47.605249,-122.324509,99,199
47.589228,-122.317319,87,187
47.61079,-122.289406,107,207
47.570537,-122.296021,35,135
47.615937,-122.295529,50,150
47.582181,-122.316145,72,172
47.570522,-122.294581,34,134
47.576,-122.33417,5,105
47.608671,-122.299539,87,187
47.58926,-122.326032,7,107
47.558446,-122.32947,4,104
47.559782,-122.324543,4,104
47.620946,-122.293503,31,131
47.566217,-122.295849,44,144
47.615271,-122.333879,48,148
47.603923,-122.312891,75,175
47.621355,-122.288857,58,158
47.582551,-122.315373,80,180
47.601313,-122.306342,92,192
47.564352,-122.300768,91,191
47.587007,-122.313267,83,183
47.590022,-122.312769,58,158
47.5816,-122.313379,86,186
47.566242,-122.307061,108,208
47.592,-122.311724,44,144
47.57536,-122.314706,82,182
47.611654,-122.293206,90,190
47.582555,-122.313394,87,187
47.566724,-122.288823,18,118
47.590466,-122.294811,47,147
47.592759,-122.306294,47,147
47.595279,-122.323749,13,113
47.616806,-122.297475,60,160
47.591047,-122.301454,50,150
47.569371,-122.338225,4,104
47.594156,-122.299066,67,167
47.611041,-122.290427,108,208
47.564125,-122.291038,54,154
47.619716,-122.292345,32,132
47.590668,-122.289172,56,156
47.60649,-122.334845,74,174
47.615589,-122.338392,30,130
47.572461,-122.293622,17,117
47.619404,-122.335913,44,144
47.558678,-122.289979,38,138
47.596052,-122.287837,19,119
47.60758,-122.305707,93,193
47.587165,-122.327569,6,106
47.575691,-122.300311,46,146
47.619935,-122.30476,104,204
47.608027,-122.301241,86,186
47.585231,-122.327586,5,105
47.574718,-122.296271,14,114
47.591403,-122.326035,7,107
47.582233,-122.329051,5,105
47.614126,-122.323847,90,190
47.59503,-122.311585,29,129
47.562254,-122.32138,31,131
47.614132,-122.311652,124,224
47.564851,-122.29731,50,150
47.620609,-122.287962,80,180
47.616176,-122.301412,98,198
47.594439,-122.31606,62,162
47.613329,-122.324471,93,193
47.617055,-122.322192,104,204
47.588211,-122.325493,6,106
47.560195,-122.315314,72,172
47.599813,-122.32508,32,132
47.595405,-122.318506,31,131
47.600802,-122.304565,82,182
47.566543,-122.289339,21,121
47.578322,-122.315337,78,178
47.597497,-122.312307,41,141
47.612896,-122.312727,111,211
47.57564,-122.338429,6,106
47.603516,-122.315363,72,172
47.59383,-122.300134,67,167
47.570739,-122.320791,16,116
47.589759,-122.329883,10,110
47.614177,-122.328818,71,171
47.572357,-122.331139,4,104
47.605301,-122.299983,95,195
47.574514,-122.309014,92,192
47.614137,-122.312192,123,223
47.564746,-122.300447,85,185
47.577766,-122.336238,3,103
47.573521,-122.287729,29,129
47.599531,-122.317256,56,156
47.61128,-122.308871,123,223
47.563448,-122.306836,105,205
47.618834,-122.318734,101,201
47.599585,-122.303292,93,193
47.567107,-122.317254,75,175
47.600031,-122.335416,13,113
47.566291,-122.314721,85,185
47.589896,-122.327323,6,106
47.582419,-122.322388,7,107
47.56681,-122.312707,84,184
47.583963,-122.324362,4,104
47.609234,-122.31452,91,191
47.569076,-122.288914,12,112
47.614434,-122.318953,94,194
47.559672,-122.288241,31,131
47.592796,-122.307274,35,135
47.568624,-122.326808,6,106
47.606447,-122.297872,91,191
47.590352,-122.290477,67,167
47.569078,-122.307241,102,202
47.565654,-122.306212,106,206
47.612267,-122.315439,99,199
47.601494,-122.304277,85,185
47.579321,-122.2909,47,147
47.603691,-122.324913,101,201
47.600911,-122.329563,19,119
47.582586,-122.300389,16,116
47.614628,-122.289245,101,201
47.609831,-122.290454,107,207
47.611183,-122.2982,81,181
47.589823,-122.330483,24,124
47.597568,-122.328145,18,118
47.56174,-122.295382,48,148
47.602261,-122.328632,51,151
47.580583,-122.314737,80,180
47.617101,-122.304461,105,205
47.559137,-122.307842,94,194
47.566921,-122.316618,82,182
47.593812,-122.325891,10,110
47.560176,-122.30408,91,191
47.604056,-122.307685,98,198
47.579843,-122.333803,4,104
47.564967,-122.301466,105,205
47.601145,-122.309497,88,188
47.59413,-122.330798,9,109
47.602808,-122.289664,69,169
47.559332,-122.289714,39,139
47.608354,-122.312214,102,202
47.606812,-122.327498,79,179
47.573166,-122.292264,14,114
47.616133,-122.30075,93,193
47.579461,-122.329011,6,106
47.586114,-122.3244,7,107
47.580597,-122.315549,76,176
47.593324,-122.297429,57,157
47.59348,-122.320202,22,122
47.56625,-122.295137,43,143
47.56018,-122.299325,90,190
47.618495,-122.303621,103,203
47.589954,-122.331563,16,116
47.585492,-122.288017,31,131
47.578072,-122.287614,42,142
47.590251,-122.332819,16,116
47.616121,-122.299443,78,178
47.569217,-122.315364,89,189
47.564024,-122.30169,104,204
47.609877,-122.337526,61,161
47.611184,-122.296893,77,177
47.592134,-122.330059,23,123
47.610364,-122.308419,119,219
47.621087,-122.322702,101,201
47.574947,-122.31954,26,126
47.597109,-122.306364,75,175
47.587108,-122.312126,76,176
47.601749,-122.287406,30,130
47.602201,-122.308476,91,191
47.594551,-122.330847,8,108
47.562086,-122.309406,99,199
47.621097,-122.321453,104,204
47.609379,-122.328238,87,187
47.618316,-122.316883,108,208
47.610836,-122.309546,119,219
47.621131,-122.316447,117,217
47.615732,-122.294876,58,158
47.57345,-122.318836,33,133
47.602677,-122.307335,96,196
47.60715,-122.293669,100,200
47.586971,-122.310679,49,149
47.595641,-122.330291,28,128
47.615601,-122.312814,117,217
47.61564,-122.318152,95,195
47.605573,-122.305071,87,187
47.600854,-122.291654,74,174
47.581127,-122.288067,30,130
47.579876,-122.330771,8,108
47.620155,-122.294223,34,134
47.591019,-122.31732,94,194
47.620971,-122.291208,37,137
47.578297,-122.293601,33,133
47.561131,-122.307244,95,195
47.575336,-122.300315,47,147
47.612445,-122.300134,89,189
47.615789,-122.290299,88,188
47.5918,-122.287969,30,130
47.595769,-122.322749,22,122
47.598526,-122.336011,3,103
47.568955,-122.337172,5,105
47.614517,-122.323414,88,188
47.588337,-122.293614,72,172
47.590099,-122.308643,29,129
47.560189,-122.314914,75,175
47.565724,-122.295527,45,145
47.620914,-122.308729,121,221
47.586905,-122.305793,18,118
47.604448,-122.332136,45,145
47.566221,-122.293494,42,142
47.593477,-122.29201,73,173
47.61072,-122.292652,102,202
47.5748,-122.308435,92,192
47.614922,-122.323423,88,188
47.619451,-122.289691,83,183
47.579873,-122.332176,5,105
47.607989,-122.308398,111,211
47.566763,-122.300176,80,180
47.559296,-122.302966,85,185
47.612172,-122.300137,89,189
47.609297,-122.33815,51,151
47.597899,-122.319635,41,141
47.599396,-122.32509,31,131
47.609041,-122.336232,53,153
47.569467,-122.308176,105,205
47.585952,-122.318243,63,163
47.609029,-122.33063,68,168
47.57119,-122.296021,29,129
47.603816,-122.304408,84,184
47.591088,-122.312637,57,157
47.601161,-122.298958,89,189
47.617227,-122.333309,43,143
47.615555,-122.333345,42,142
47.571225,-122.308044,95,195
47.578956,-122.2909,44,144
47.579115,-122.287677,45,145
47.601368,-122.301122,96,196
47.608249,-122.331402,72,172
47.603949,-122.318125,86,186
47.577442,-122.336711,3,103
47.619225,-122.308829,122,222
47.595534,-122.29798,72,172
47.593815,-122.325453,9,109
47.598236,-122.31818,48,148
47.61661,-122.320879,105,205
47.581912,-122.327616,3,103
47.564882,-122.321333,11,111
47.584194,-122.296421,50,150
47.592035,-122.330973,21,121
47.601164,-122.327692,29,129
47.580972,-122.293759,53,153
47.579857,-122.288218,38,138
47.576848,-122.328027,5,105
47.578455,-122.334644,4,104
47.614275,-122.33436,45,145
47.589619,-122.33258,14,114
47.57943,-122.323673,7,107
47.577781,-122.298418,18,118
47.585536,-122.335183,2,102
47.58045,-122.301224,24,124
47.583331,-122.300337,17,117
47.596936,-122.321464,32,132
47.621092,-122.321976,104,204
47.608986,-122.33295,84,184
47.568526,-122.292493,46,146
47.612195,-122.29753,79,179
47.579873,-122.332792,5,105
47.572133,-122.292552,11,111
47.618585,-122.338392,23,123
47.599995,-122.309807,77,177
47.578956,-122.288064,39,139
47.612634,-122.317408,96,196
47.589472,-122.294062,55,155
47.579718,-122.296291,22,122
47.613911,-122.334393,55,155
47.620164,-122.287526,79,179
47.60998,-122.322665,110,210
47.609353,-122.294963,84,184
47.615334,-122.330531,52,152
47.580584,-122.293602,52,152
47.598864,-122.318758,48,148
47.606339,-122.332452,58,158
47.615186,-122.335689,33,133
47.611476,-122.336367,52,152
47.614536,-122.33472,37,137
47.599348,-122.317944,55,155
47.607635,-122.294586,91,191
