37.766795,-122.401839,5,105
37.759553,-122.404428,75,175
37.741194,-122.398718,3,103
37.749336,-122.440135,119,219
37.739351,-122.435392,137,237
37.788539,-122.433804,58,158
37.784211,-122.440773,52,152
37.762095,-122.428455,25,125
37.769347,-122.444766,96,196
37.742191,-122.40368,3,103
37.771534,-122.442673,83,183
37.749616,-122.404318,5,105
37.749684,-122.4345,72,172
37.757254,-122.442332,113,213
37.786249,-122.400963,12,112
37.78593,-122.431573,46,146
37.786565,-122.444855,69,169
37.770494,-122.403304,6,106
37.75585,-122.392497,8,108
37.786381,-122.405154,31,131
37.759117,-122.41077,11,111
37.746917,-122.403335,4,104
37.778195,-122.420523,21,121
37.77321,-122.420845,19,119
37.75464,-122.434407,104,204
37.776033,-122.429912,44,144
37.753311,-122.42307,34,134
37.782358,-122.447767,90,190
37.77781,-122.402412,2,102
37.770962,-122.413746,9,109
37.785704,-122.402681,19,119
37.775245,-122.410315,9,109
37.770811,-122.429577,40,140
37.769605,-122.391989,2,102
37.760602,-122.393419,48,148
37.770902,-122.438724,86,186
37.784178,-122.433274,44,144
37.757793,-122.433405,63,163
37.751877,-122.403718,17,117
37.778177,-122.447035,91,191
37.761928,-122.392439,26,126
37.785717,-122.421505,55,155
37.760644,-122.438965,52,152
37.782218,-122.44192,71,171
37.780701,-122.423083,32,132
37.756222,-122.438945,113,213
37.755713,-122.435631,112,212
37.789565,-122.421107,54,154
37.739441,-122.400115,6,106
37.778285,-122.441965,81,181
37.762693,-122.431763,38,138
37.766656,-122.43359,51,151
37.759372,-122.444966,108,208
37.752067,-122.421776,34,134
37.759921,-122.402117,77,177
37.746453,-122.434833,109,209
37.766459,-122.423772,15,115
37.760529,-122.430532,35,135
37.763476,-122.418563,10,110
37.787487,-122.433637,54,154
37.763938,-122.421153,15,115
37.786791,-122.42034,52,152
37.75733,-122.403264,50,150
37.754011,-122.416059,22,122
37.786283,-122.398827,8,108
37.780418,-122.398919,6,106
37.786036,-122.449607,87,187
37.757971,-122.390237,11,111
37.772057,-122.427285,54,154
37.767441,-122.445601,113,213
37.761448,-122.425049,17,117
37.743387,-122.3959,2,102
37.787449,-122.391258,24,124
37.780792,-122.42237,27,127
37.763154,-122.396612,27,127
37.748098,-122.438233,116,216
37.76212,-122.415061,7,107
37.760607,-122.428322,29,129
37.783612,-122.437826,47,147
37.78743,-122.407718,32,132
37.76079,-122.420039,15,115
37.778817,-122.415352,26,126
37.737691,-122.397487,11,111
37.775589,-122.392995,7,107
37.778757,-122.438647,68,168
37.751883,-122.424691,51,151
37.777279,-122.416065,38,138
37.738403,-122.414858,61,161
37.757498,-122.446393,167,267
37.742346,-122.444577,118,218
37.784084,-122.421125,53,153
37.746155,-122.419512,22,122
37.767792,-122.427988,33,133
37.740711,-122.439514,148,248
37.754088,-122.449711,214,314
37.787626,-122.420122,51,151
37.780349,-122.417906,49,149
37.760465,-122.433878,40,140
37.747266,-122.395412,0,100
37.788577,-122.436201,53,153
37.766679,-122.395045,5,105
37.790152,-122.416472,75,175
37.777112,-122.421326,18,118
37.759197,-122.395272,38,138
37.766588,-122.44435,132,232
37.768064,-122.417839,6,106
37.779056,-122.40639,8,108
37.760456,-122.446031,141,241
37.781871,-122.406503,16,116
37.777203,-122.408506,7,107
37.784194,-122.390488,10,110
37.755616,-122.41771,21,121
37.744675,-122.437464,159,259
37.777956,-122.418316,25,125
37.788219,-122.409227,44,144
37.766079,-122.403256,6,106
37.746631,-122.415711,42,142
37.772804,-122.406061,8,108
37.784877,-122.404665,35,135
37.784565,-122.42794,56,156
37.759182,-122.414769,9,109
37.788507,-122.423626,74,174
37.758321,-122.419001,19,119
37.75165,-122.441158,123,223
37.750729,-122.44557,206,306
37.739138,-122.430776,126,226
37.771059,-122.392932,1,101
37.739176,-122.427594,78,178
37.743153,-122.443039,137,237
37.754897,-122.398706,82,182
37.764201,-122.405441,26,126
37.753217,-122.441992,144,244
37.767507,-122.439273,127,227
37.788904,-122.403558,37,137
37.778468,-122.425769,27,127
37.786938,-122.389807,11,111
37.790114,-122.423909,81,181
37.775157,-122.402491,5,105
37.74208,-122.395244,3,103
37.777359,-122.418073,31,131
37.768059,-122.423635,17,117
37.789472,-122.413985,76,176
37.782488,-122.392359,23,123
37.739624,-122.445527,182,282
37.750428,-122.412811,20,120
37.767964,-122.433481,55,155
37.741121,-122.437759,193,293
37.771318,-122.399006,5,105
37.790237,-122.400865,42,142
37.739216,-122.443872,160,260
37.764759,-122.393359,0,100
37.782495,-122.40754,14,114
37.786417,-122.397649,12,112
37.74036,-122.414626,83,183
37.742668,-122.418518,63,163
37.775025,-122.426286,33,133
37.776791,-122.404598,5,105
37.771855,-122.39206,3,103
37.789947,-122.418101,67,167
37.769834,-122.435575,66,166
37.787421,-122.394666,10,110
37.766233,-122.427579,30,130
37.788942,-122.42617,83,183
37.777129,-122.431497,48,148
37.76391,-122.411323,16,116
37.744298,-122.416069,79,179
37.788341,-122.43088,75,175
37.764386,-122.404455,26,126
37.756233,-122.432524,100,200
37.745243,-122.427801,47,147
37.782109,-122.394872,12,112
37.761895,-122.407284,19,119
37.762927,-122.428067,28,128
37.776522,-122.427969,32,132
37.78598,-122.441473,55,155
37.789797,-122.442534,78,178
37.75261,-122.445056,201,301
37.759254,-122.446454,147,247
37.747818,-122.441948,168,268
37.749574,-122.416595,25,125
37.779465,-122.394574,8,108
37.74182,-122.448189,173,273
37.7651,-122.448088,106,206
37.78166,-122.405859,13,113
37.742744,-122.422113,35,135
37.755045,-122.424842,40,140
37.757416,-122.425947,53,153
37.769401,-122.429327,34,134
37.76164,-122.419331,10,110
37.771198,-122.405837,8,108
37.743609,-122.41836,65,165
37.742965,-122.39838,4,104
37.774243,-122.436142,64,164
37.785297,-122.445002,69,169
37.755747,-122.39785,89,189
37.765128,-122.416405,6,106
37.746277,-122.448227,176,276
37.75537,-122.423166,38,138
37.753917,-122.437655,91,191
37.763597,-122.426259,22,122
37.787214,-122.416981,48,148
37.788109,-122.442156,64,164
37.736695,-122.415407,43,143
37.763452,-122.435683,62,162
37.747265,-122.420252,28,128
37.765875,-122.406354,6,106
37.740981,-122.416384,91,191
37.761398,-122.412041,9,109
37.779935,-122.399929,6,106
37.770045,-122.44684,82,182
37.737846,-122.440925,105,205
37.752907,-122.407795,17,117
37.776208,-122.417827,40,140
37.756643,-122.425589,55,155
37.737885,-122.439188,108,208
37.77197,-122.41754,13,113
37.786446,-122.402646,22,122
37.7597,-122.445694,124,224
37.783482,-122.405627,16,116
37.778139,-122.423286,22,122
37.741855,-122.436663,178,278
37.779853,-122.41679,16,116
37.78659,-122.428831,61,161
37.761534,-122.395469,51,151
37.775184,-122.413346,16,116
37.745267,-122.408354,60,160
37.745897,-122.420799,28,128
37.789543,-122.430632,91,191
37.789084,-122.43725,64,164
37.779957,-122.39652,7,107
37.776711,-122.431929,52,152
37.78646,-122.409716,45,145
37.738265,-122.448079,198,298
37.753088,-122.404963,19,119
37.782155,-122.411796,20,120
37.778322,-122.407576,7,107
37.745556,-122.389711,1,101
37.745343,-122.426117,40,140
37.757641,-122.410566,9,109
37.759938,-122.39255,33,133
37.755996,-122.446425,216,316
37.781119,-122.397239,9,109
37.762033,-122.443166,108,208
37.746188,-122.429136,53,153
37.786343,-122.423168,70,170
37.770591,-122.434899,53,153
37.749262,-122.42134,27,127
37.750246,-122.422671,44,144
37.737478,-122.39712,14,114
37.764382,-122.430957,40,140
37.788482,-122.390661,9,109
37.775189,-122.420768,18,118
37.754067,-122.415218,18,118
37.773696,-122.440646,68,168
37.746718,-122.431465,87,187
37.762132,-122.41724,8,108
37.737113,-122.449704,182,282
37.774253,-122.401639,3,103
37.769347,-122.448489,88,188
37.756626,-122.415596,18,118
37.778587,-122.445309,91,191
37.768183,-122.447436,99,199
37.782468,-122.435923,41,141
37.757611,-122.420411,21,121
37.771458,-122.448915,83,183
37.738536,-122.430029,139,239
37.752838,-122.435484,91,191
37.73884,-122.441479,121,221
37.752907,-122.424103,35,135
37.754512,-122.407777,18,118
37.762727,-122.440236,82,182
37.74263,-122.410204,81,181
37.739108,-122.38973,3,103
37.764792,-122.395792,9,109
37.779792,-122.416019,22,122
37.768265,-122.436607,86,186
37.767641,-122.395669,7,107
37.741387,-122.400617,3,103
37.759015,-122.41295,9,109
37.78886,-122.428807,79,179
37.761799,-122.409906,18,118
37.749723,-122.407149,11,111
37.785475,-122.419442,42,142
37.758286,-122.425023,38,138
37.765747,-122.418049,10,110
37.747729,-122.426875,42,142
37.768711,-122.392672,1,101
37.751563,-122.426327,54,154
37.7625,-122.44958,106,206
37.751097,-122.423933,55,155
37.760436,-122.423646,16,116
37.776567,-122.425677,26,126
37.737508,-122.402174,12,112
37.741464,-122.389862,2,102
37.772909,-122.439261,63,163
37.789585,-122.40633,42,142
37.745104,-122.408995,48,148
37.743505,-122.430186,60,160
37.748472,-122.446933,200,300
37.773172,-122.418828,14,114
37.752454,-122.393997,26,126
37.751875,-122.437966,86,186
37.779727,-122.423319,25,125
37.762981,-122.449422,103,203
37.783018,-122.406218,15,115
37.754609,-122.418658,25,125
37.748951,-122.419282,23,123
37.743082,-122.40811,59,159
37.779717,-122.430629,31,131
37.781318,-122.394612,9,109
37.774492,-122.413702,15,115
37.787531,-122.414537,62,162
37.742557,-122.432426,73,173
37.736706,-122.433259,103,203
37.742009,-122.414435,105,205
37.751605,-122.41898,25,125
37.758733,-122.430481,76,176
37.75746,-122.447846,204,304
37.763032,-122.420017,15,115
37.787246,-122.414966,61,161
37.78887,-122.434551,57,157
37.78107,-122.427236,36,136
37.789139,-122.445781,87,187
37.739109,-122.398323,5,105
37.789054,-122.402433,59,159
37.747927,-122.423282,35,135
37.781334,-122.440834,70,170
37.779326,-122.393291,10,110
37.768717,-122.390942,1,101
37.736901,-122.416015,49,149
37.768305,-122.397241,3,103
37.762535,-122.398084,17,117
37.743082,-122.43556,142,242
37.740858,-122.393001,0,100
37.777378,-122.397794,4,104
37.756629,-122.392112,6,106
37.780966,-122.423863,29,129
37.787806,-122.440353,56,156
37.745023,-122.431538,93,193
37.785875,-122.446564,78,178
37.763351,-122.434115,48,148
37.775688,-122.415402,14,114
37.78071,-122.415244,27,127
37.737826,-122.389754,8,108
37.788998,-122.406884,38,138
37.761233,-122.429802,27,127
37.737258,-122.439855,102,202
37.788695,-122.450102,95,195
37.751187,-122.415079,21,121
37.741871,-122.405527,2,102
37.759466,-122.40014,55,155
37.778294,-122.391322,10,110
37.784747,-122.443735,62,162
37.779753,-122.412259,20,120
37.751494,-122.430697,54,154
37.779665,-122.410364,17,117
37.764119,-122.449659,98,198
37.747325,-122.414571,19,119
37.777275,-122.449989,100,200
37.767627,-122.422199,14,114
37.753083,-122.418512,24,124
37.757619,-122.436322,73,173
37.752034,-122.429744,61,161
37.781407,-122.437387,47,147
37.780961,-122.416234,28,128
37.743738,-122.412734,70,170
37.744758,-122.422864,30,130
37.779594,-122.415074,19,119
37.77104,-122.389648,0,100
37.788846,-122.432145,76,176
37.780566,-122.441243,79,179
37.751723,-122.450001,212,312
37.758003,-122.401974,77,177
37.773789,-122.439925,63,163
37.759936,-122.3983,54,154
37.749473,-122.402451,5,105
37.785957,-122.426677,73,173
37.780641,-122.395426,8,108
37.78477,-122.43637,46,146
37.76466,-122.426878,27,127
37.776131,-122.396072,4,104
37.782595,-122.400402,15,115
37.75844,-122.422419,22,122
37.750068,-122.418225,22,122
37.766906,-122.410852,19,119
37.746891,-122.408418,30,130
37.758163,-122.411506,12,112
37.788198,-122.40832,52,152
37.772628,-122.393582,1,101
37.737273,-122.442468,129,229
37.745396,-122.39398,1,101
37.773669,-122.392508,0,100
37.765935,-122.447842,105,205
37.75967,-122.448271,171,271
37.739207,-122.424785,59,159
37.778323,-122.397631,7,107
37.738222,-122.43638,128,228
37.760064,-122.426029,21,121
37.761432,-122.444623,121,221
37.744103,-122.419495,40,140
37.75078,-122.429261,52,152
37.790397,-122.405605,48,148
37.779324,-122.405729,7,107
37.763141,-122.412197,12,112
37.740666,-122.42171,46,146
37.783865,-122.41332,29,129
37.777156,-122.416655,32,132
37.754523,-122.392255,13,113
37.74109,-122.390207,3,103
37.779622,-122.443211,105,205
37.786942,-122.433937,46,146
37.781813,-122.39397,12,112
37.750567,-122.402644,12,112
37.779989,-122.428493,33,133
37.751721,-122.402289,24,124
37.760568,-122.408556,14,114
37.786869,-122.442436,59,159
37.787865,-122.423045,70,170
37.749585,-122.414928,21,121
37.770632,-122.401489,4,104
37.759738,-122.440588,64,164
37.754471,-122.403854,28,128
37.789526,-122.427218,93,193
37.771015,-122.390809,0,100
37.73739,-122.423698,68,168
37.780408,-122.432162,42,142
37.781701,-122.399564,12,112
37.768367,-122.408219,13,113
37.738272,-122.440911,101,201
37.741492,-122.42117,50,150
37.774635,-122.444537,75,175
37.783762,-122.449155,103,203
37.743976,-122.416276,85,185
37.786168,-122.408012,31,131
37.752228,-122.398052,47,147
37.777122,-122.443838,71,171
37.773894,-122.447724,81,181
37.756805,-122.395707,50,150
37.757246,-122.429489,79,179
37.765552,-122.445018,131,231
37.748152,-122.420764,25,125
37.775866,-122.394904,4,104
37.755437,-122.421052,25,125
37.769484,-122.403007,5,105
37.752211,-122.419358,24,124
37.754525,-122.402514,31,131
37.739443,-122.419001,73,173
37.775859,-122.427443,31,131
37.784603,-122.437451,51,151
37.762671,-122.403298,43,143
37.781241,-122.420378,33,133
37.774489,-122.390227,6,106
37.737003,-122.418889,83,183
37.756015,-122.422786,42,142
37.744087,-122.442533,155,255
37.764865,-122.408438,24,124
37.777105,-122.398016,4,104
37.749661,-122.398024,6,106
37.747831,-122.440137,149,249
37.75019,-122.416131,23,123
37.782791,-122.414134,25,125
37.754989,-122.447341,255,355
37.749505,-122.423778,51,151
37.740292,-122.3909,3,103
37.741685,-122.417748,86,186
37.784073,-122.426549,63,163
37.737181,-122.393228,11,111
37.744565,-122.425719,36,136
37.738961,-122.396366,5,105
37.779083,-122.413117,42,142
37.760401,-122.416431,14,114
37.753783,-122.389878,5,105
37.783978,-122.448167,106,206
37.78743,-122.422858,69,169
37.762725,-122.446158,155,255
37.754818,-122.428781,87,187
37.764962,-122.442087,126,226
37.744629,-122.389657,0,100
37.789947,-122.437655,68,168
37.749032,-122.420433,27,127
37.749386,-122.444817,208,308
37.751602,-122.42891,55,155
37.748334,-122.408166,10,110
37.784383,-122.407724,21,121
37.764152,-122.43494,56,156
37.77449,-122.449278,88,188
37.772984,-122.39337,2,102
37.753618,-122.403043,29,129
37.740303,-122.440872,113,213
37.762267,-122.446894,139,239
37.756801,-122.422948,42,142
37.740869,-122.402538,5,105
37.751969,-122.389681,9,109
37.786555,-122.436962,47,147
37.777438,-122.441363,77,177
37.751042,-122.436339,72,172
37.757824,-122.404191,40,140
37.776604,-122.406973,7,107
37.761173,-122.401222,40,140
37.748261,-122.41534,15,115
37.771697,-122.441358,80,180
37.748736,-122.436944,101,201
37.75864,-122.438074,68,168
37.782658,-122.420852,39,139
37.783069,-122.402947,15,115
37.770294,-122.437223,74,174
37.755467,-122.447093,236,336
37.776229,-122.447579,85,185
37.783042,-122.427449,49,149
37.758018,-122.399994,85,185
37.769749,-122.394698,4,104
37.786296,-122.424167,75,175
37.743957,-122.390194,0,100
37.741623,-122.415815,105,205
37.759965,-122.45008,151,251
37.767524,-122.432887,51,151
37.784506,-122.415557,32,132
37.742822,-122.441959,130,230
37.769646,-122.442476,101,201
37.752054,-122.416829,21,121
37.765425,-122.396824,7,107
37.785676,-122.443897,64,164
37.781182,-122.448876,84,184
37.763706,-122.427903,28,128
37.754072,-122.411118,15,115
37.776875,-122.42682,24,124
37.774709,-122.440257,66,166
37.760351,-122.434999,38,138
37.758326,-122.397135,61,161
37.7491,-122.448691,232,332
37.750266,-122.402808,8,108
37.747889,-122.448723,213,313
37.764584,-122.428186,30,130
37.788402,-122.445284,80,180
37.765253,-122.406502,22,122
37.74535,-122.410536,28,128
37.768527,-122.448359,88,188
37.76196,-122.422884,18,118
37.752584,-122.418467,24,124
37.748307,-122.430258,56,156
37.777519,-122.408902,12,112
37.77839,-122.392163,6,106
37.766485,-122.408323,19,119
37.75301,-122.426476,48,148
37.740164,-122.432109,129,229
37.772655,-122.448918,77,177
37.78173,-122.44449,88,188
37.769184,-122.433269,50,150
37.764941,-122.390743,5,105
37.750431,-122.42736,50,150
37.745011,-122.390385,0,100
37.784368,-122.417768,36,136
37.760403,-122.422324,19,119
37.75734,-122.413856,14,114
37.790277,-122.40012,6,106
37.787293,-122.408822,39,139
37.756004,-122.418798,22,122
37.781767,-122.429882,34,134
37.747963,-122.449379,219,319
37.744276,-122.403118,0,100
37.788109,-122.445535,80,180
37.787937,-122.41342,59,159
37.765103,-122.446817,116,216
37.74744,-122.404576,22,122
37.758754,-122.417438,16,116
37.777926,-122.408214,8,108
37.766193,-122.400518,4,104
37.745141,-122.429762,64,164
37.77373,-122.391474,6,106
37.763982,-122.4401,105,205
37.766513,-122.450136,94,194
37.755226,-122.395339,60,160
37.755279,-122.434467,103,203
37.782719,-122.430074,40,140
37.788456,-122.414886,69,169
37.766922,-122.389786,2,102
37.757513,-122.424463,46,146
37.748334,-122.401946,4,104
37.752998,-122.449737,208,308
37.758131,-122.414667,15,115
37.753694,-122.44319,164,264
37.787386,-122.430758,63,163
37.746502,-122.412534,28,128
37.737879,-122.445667,184,284
37.7718,-122.3934,4,104
37.768002,-122.394221,3,103
37.744367,-122.446087,137,237
37.765761,-122.429929,35,135
37.74009,-122.420579,58,158
37.748681,-122.424398,51,151
37.766383,-122.390845,2,102
37.736988,-122.397879,18,118
37.772218,-122.438955,76,176
37.768393,-122.407262,7,107
37.746419,-122.424749,33,133
37.775421,-122.412701,14,114
37.757532,-122.407771,16,116
37.763452,-122.411273,15,115
37.737038,-122.429377,100,200
37.751131,-122.440679,106,206
37.772174,-122.418009,13,113
37.752205,-122.4091,16,116
37.737324,-122.400126,20,120
37.748036,-122.390304,0,100
37.761231,-122.397562,38,138
37.778931,-122.429668,33,133
37.790341,-122.449141,87,187
37.739957,-122.421441,58,158
37.780069,-122.445974,96,196
37.76216,-122.441103,87,187
37.756012,-122.436457,108,208
37.765725,-122.413217,11,111
37.750703,-122.430611,52,152
37.777578,-122.436621,68,168
37.748025,-122.421831,25,125
37.737311,-122.421976,75,175
37.789004,-122.447644,98,198
37.764083,-122.410398,16,116
37.749286,-122.427783,46,146
37.789473,-122.439019,72,172
37.738325,-122.440088,106,206
37.777909,-122.412587,13,113
37.775331,-122.40859,7,107
37.760965,-122.447121,140,240
37.788565,-122.447104,90,190
37.764719,-122.444637,145,245
37.763632,-122.400916,11,111
37.741502,-122.39412,1,101
37.738296,-122.392687,8,108
37.742715,-122.429775,49,149
37.754344,-122.408352,19,119
37.750566,-122.390492,4,104
37.763252,-122.395636,23,123
37.74865,-122.413748,16,116
37.779165,-122.390711,13,113
37.765272,-122.440331,122,222
37.767052,-122.408423,22,122
37.766184,-122.413023,7,107
37.782111,-122.394241,12,112
37.79008,-122.40931,59,159
37.777832,-122.412137,13,113
37.782608,-122.406399,15,115
37.749883,-122.394938,5,105
37.750562,-122.394633,7,107
37.7515,-122.405218,14,114
37.789488,-122.448995,91,191
37.778323,-122.440229,81,181
37.740929,-122.448174,176,276
37.788857,-122.444012,76,176
37.755713,-122.414434,18,118
37.767238,-122.41555,14,114
37.769705,-122.389774,0,100
37.781739,-122.440884,70,170
37.741748,-122.422643,35,135
37.747917,-122.437047,112,212
37.745164,-122.442007,185,285
37.772246,-122.393119,3,103
37.788914,-122.42546,84,184
37.767894,-122.402858,10,110
37.78551,-122.419102,42,142
37.739603,-122.420565,68,168
37.744731,-122.423322,30,130
37.782004,-122.404283,14,114
37.759286,-122.417,14,114
37.789199,-122.420089,50,150
37.78289,-122.409564,17,117
37.775419,-122.442072,70,170
37.748283,-122.448497,215,315
37.739621,-122.439223,147,247
37.777719,-122.44876,93,193
37.760055,-122.401171,62,162
37.741235,-122.418819,66,166
37.779069,-122.390341,9,109
37.751298,-122.407446,15,115
37.743439,-122.430939,63,163
37.753009,-122.447861,248,348
37.776696,-122.436441,75,175
37.742688,-122.439766,174,274
37.781332,-122.425781,37,137
37.785969,-122.41918,44,144
37.762711,-122.441888,116,216
37.760965,-122.392331,22,122
37.762979,-122.390771,9,109
37.781561,-122.402865,21,121
37.771656,-122.408961,7,107
37.74594,-122.414302,44,144
37.780827,-122.403794,13,113
37.755974,-122.409899,13,113
37.75525,-122.412211,14,114
37.77807,-122.41438,23,123
37.756866,-122.40616,23,123
37.756444,-122.4318,108,208
37.769941,-122.433404,52,152
37.751191,-122.420641,30,130
37.772233,-122.415481,10,110
37.761732,-122.447306,133,233
37.758773,-122.439177,77,177
37.782333,-122.39396,15,115
37.758242,-122.44901,200,300
37.745275,-122.394602,0,100
37.78559,-122.42224,69,169
37.781954,-122.42095,38,138
37.750548,-122.43844,89,189
37.749414,-122.401682,5,105
37.764988,-122.407472,21,121
37.756528,-122.445434,181,281
37.770254,-122.408572,7,107
37.747298,-122.433712,86,186
37.762005,-122.390656,12,112
37.778185,-122.427765,29,129
37.749581,-122.409154,13,113
37.781485,-122.442011,80,180
37.740566,-122.41133,48,148
37.776106,-122.436858,72,172
37.750375,-122.449459,237,337
37.774945,-122.441216,67,167
37.737777,-122.42084,84,184
37.764005,-122.394168,15,115
37.762241,-122.425722,22,122
37.750605,-122.432174,59,159
37.749574,-122.419865,28,128
37.756043,-122.449574,238,338
37.739742,-122.434342,136,236
37.736962,-122.438896,96,196
37.769981,-122.403769,5,105
37.774058,-122.425779,41,141
37.763011,-122.418418,10,110
37.753357,-122.39538,57,157
37.755197,-122.40441,37,137
37.751733,-122.391715,14,114
37.765394,-122.398728,6,106
37.75755,-122.401929,76,176
37.785855,-122.442514,57,157
37.738063,-122.398149,7,107
37.763008,-122.389782,5,105
37.790081,-122.425636,99,199
37.756606,-122.400874,80,180
37.763265,-122.413776,11,111
37.777251,-122.400177,5,105
37.790187,-122.431462,95,195
37.756905,-122.434611,78,178
37.772548,-122.422427,20,120
37.765261,-122.408525,21,121
37.788216,-122.426971,78,178
37.786638,-122.400471,29,129
37.743357,-122.43269,81,181
37.75998,-122.409954,13,113
37.775842,-122.399687,6,106
37.760919,-122.409069,11,111
37.789868,-122.433846,64,164
37.774465,-122.427037,42,142
37.778955,-122.449539,101,201
37.766712,-122.425251,25,125
37.738119,-122.422152,77,177
37.75106,-122.398679,31,131
37.776744,-122.423985,23,123
37.774052,-122.437632,58,158
37.769803,-122.448776,86,186
37.789174,-122.446528,97,197
37.756029,-122.413346,15,115
37.786797,-122.440166,55,155
37.790254,-122.41569,79,179
37.789662,-122.393979,4,104
37.766002,-122.410559,18,118
37.738988,-122.447019,194,294
37.753946,-122.397539,64,164
37.762715,-122.425168,22,122
37.781013,-122.390069,18,118
37.770209,-122.41459,9,109
37.738074,-122.399775,8,108
37.761924,-122.435153,47,147
37.788298,-122.425337,77,177
37.762282,-122.439018,71,171
37.751709,-122.392244,16,116
37.790378,-122.443893,90,190
37.740526,-122.4475,175,275
37.763093,-122.434602,49,149
37.784013,-122.391847,23,123
37.758188,-122.398116,71,171
37.784705,-122.414046,30,130
37.745163,-122.442966,181,281
37.789054,-122.408603,55,155
37.73867,-122.432555,154,254
37.768232,-122.446612,99,199
37.773622,-122.397144,2,102
37.75985,-122.40802,20,120
37.781002,-122.448292,85,185
37.742076,-122.427282,42,142
37.752295,-122.430887,62,162
37.780362,-122.401285,5,105
37.765824,-122.446963,112,212
37.76424,-122.433442,46,146
37.7383,-122.446283,188,288
37.770865,-122.435276,56,156
37.785763,-122.404309,21,121
37.77985,-122.400929,5,105
37.774536,-122.433769,80,180
37.738991,-122.443521,165,265
37.744612,-122.4051,14,114
37.76817,-122.444888,109,209
37.770337,-122.432654,46,146
37.777796,-122.395794,13,113
37.75058,-122.442764,145,245
37.740321,-122.437746,185,285
37.771347,-122.394156,4,104
37.747619,-122.433732,81,181
37.753365,-122.391367,11,111
37.786724,-122.405717,44,144
37.764449,-122.396735,13,113
37.758831,-122.429498,67,167
37.764123,-122.445317,143,243
37.760942,-122.434993,39,139
37.764179,-122.389908,9,109
37.766828,-122.448019,109,209
37.739301,-122.437933,164,264
37.770023,-122.437791,87,187
37.743058,-122.41759,80,180
37.756063,-122.441833,143,243
37.769981,-122.425987,37,137
37.737147,-122.418381,76,176
37.76636,-122.397896,5,105
37.785769,-122.447286,92,192
37.751001,-122.426203,57,157
37.750851,-122.406213,11,111
37.741269,-122.408805,50,150
37.785183,-122.446526,80,180
37.738751,-122.408984,32,132
37.757547,-122.437964,74,174
37.758807,-122.416635,16,116
37.768037,-122.407728,13,113
37.765814,-122.418689,8,108
37.789926,-122.39862,4,104
37.780134,-122.419437,33,133
37.748936,-122.448094,224,324
37.76162,-122.416081,9,109
37.740138,-122.43359,148,248
37.771348,-122.411611,11,111
37.766854,-122.391059,0,100
37.761724,-122.42175,12,112
37.755258,-122.401717,45,145
37.769731,-122.436809,83,183
37.770708,-122.441989,89,189
37.763581,-122.392439,19,119
37.755187,-122.44165,148,248
37.757652,-122.397079,60,160
37.784129,-122.42231,58,158
37.781701,-122.390313,17,117
37.771176,-122.415643,10,110
37.769103,-122.414544,7,107
37.748411,-122.415975,16,116
37.770092,-122.405457,6,106
37.763976,-122.404416,26,126
37.761745,-122.442831,100,200
37.753714,-122.426519,47,147
37.744044,-122.433865,103,203
37.770556,-122.391861,1,101
37.756725,-122.402793,43,143
37.784521,-122.390025,11,111
37.754951,-122.438892,102,202
37.737378,-122.430006,110,210
37.75863,-122.390288,15,115
37.756545,-122.430151,108,208
37.766462,-122.437041,83,183
37.747321,-122.446779,180,280
37.741262,-122.405705,2,102
37.788025,-122.428643,68,168
37.759487,-122.423595,20,120
37.762818,-122.417307,10,110
37.766974,-122.429536,30,130
37.737758,-122.432405,134,234
37.777768,-122.416358,34,134
37.764133,-122.437336,93,193
37.787919,-122.441349,58,158
37.752679,-122.411555,16,116
37.76482,-122.392923,0,100
37.781449,-122.412136,20,120
37.760712,-122.425938,20,120
37.78004,-122.420583,28,128
37.773038,-122.437995,64,164
37.772675,-122.437381,62,162
37.781636,-122.438246,50,150
37.774124,-122.424066,25,125
37.748081,-122.443179,170,270
37.74588,-122.391867,0,100
37.770612,-122.389621,0,100
37.782931,-122.441823,61,161
37.742622,-122.449059,170,270
37.767338,-122.44727,110,210
37.744747,-122.398156,3,103
37.756538,-122.410459,11,111
37.759012,-122.409735,13,113
37.779232,-122.446212,91,191
37.755897,-122.401775,59,159
37.75897,-122.447577,174,274
37.774022,-122.445676,74,174
37.788959,-122.394778,24,124
37.748606,-122.425441,48,148
37.772701,-122.441127,73,173
37.78982,-122.44853,95,195
37.759396,-122.440934,73,173
37.775416,-122.44939,98,198
37.758047,-122.44087,112,212
37.755333,-122.411234,12,112
37.756934,-122.42799,74,174
37.782158,-122.439295,56,156
37.773835,-122.424657,31,131
37.771681,-122.407627,6,106
37.772952,-122.446382,76,176
37.754096,-122.423166,30,130
37.73667,-122.443313,128,228
37.773606,-122.426198,48,148
37.752759,-122.396506,34,134
37.768918,-122.389724,0,100
37.767781,-122.419958,11,111
37.752488,-122.419078,25,125
37.775145,-122.442921,68,168
37.745892,-122.431385,93,193
37.782774,-122.390901,15,115
37.757263,-122.42817,62,162
37.775607,-122.421876,19,119
37.73725,-122.4304,114,214
37.788014,-122.433449,55,155
37.755611,-122.41592,20,120
37.782878,-122.41237,21,121
37.776629,-122.414206,15,115
37.757734,-122.45005,218,318
37.765075,-122.439773,126,226
37.789818,-122.445919,101,201
37.786257,-122.428337,60,160
37.789126,-122.409499,48,148
37.769021,-122.445919,95,195
37.740244,-122.418004,74,174
37.746399,-122.440216,177,277
37.746434,-122.405282,34,134
37.786109,-122.445169,69,169
37.747158,-122.436417,119,219
37.750052,-122.390935,3,103
37.743845,-122.413236,69,169
37.771837,-122.447738,81,181
37.746807,-122.399469,0,100
37.752616,-122.446581,237,337
37.746463,-122.390983,2,102
37.763752,-122.391741,12,112
37.741247,-122.395726,2,102
37.75952,-122.431593,52,152
37.790331,-122.422875,75,175
37.756571,-122.426936,63,163
37.754085,-122.417565,22,122
37.757106,-122.402541,55,155
37.756461,-122.446414,197,297
37.762161,-122.389681,12,112
37.78077,-122.444637,102,202
37.78061,-122.431469,41,141
37.736717,-122.413527,45,145
37.746657,-122.414358,33,133
37.745281,-122.41756,44,144
37.779489,-122.436503,48,148
37.787736,-122.44278,63,163
37.76415,-122.439281,107,207
37.76925,-122.422946,20,120
37.771204,-122.396357,3,103
37.768359,-122.435172,73,173
37.768764,-122.422635,19,119
37.77143,-122.389681,2,102
37.770597,-122.442515,90,190
37.75384,-122.394793,53,153
37.772915,-122.410862,13,113
37.759767,-122.411667,8,108
37.739413,-122.438371,159,259
37.746835,-122.42231,28,128
37.763346,-122.437395,86,186
37.740002,-122.401802,1,101
37.777899,-122.397192,5,105
37.761441,-122.393408,41,141
37.743304,-122.399455,5,105
37.758018,-122.429219,67,167
37.753274,-122.401828,34,134
37.74695,-122.399055,0,100
37.750647,-122.433525,59,159
37.768319,-122.422288,14,114
37.744233,-122.439228,161,261
37.745201,-122.411867,36,136
37.744958,-122.407915,62,162
37.763294,-122.443527,136,236
37.770867,-122.431889,48,148
37.774225,-122.403591,5,105
37.78403,-122.397081,19,119
37.771489,-122.409958,8,108
37.783004,-122.39799,15,115
37.739382,-122.397158,4,104
37.737023,-122.404874,3,103
37.784057,-122.391341,17,117
37.782674,-122.44542,83,183
37.741431,-122.431849,78,178
37.741482,-122.425787,47,147
37.750944,-122.418921,28,128
37.754991,-122.426157,47,147
37.750772,-122.410803,17,117
37.78792,-122.431979,66,166
37.753452,-122.428737,71,171
37.787796,-122.430243,66,166
37.785676,-122.436597,45,145
37.789908,-122.403847,50,150
37.748597,-122.433813,69,169
37.790346,-122.420676,56,156
37.783726,-122.432791,43,143
37.765961,-122.394235,1,101
37.776531,-122.42218,22,122
37.774688,-122.447717,82,182
37.759868,-122.408961,12,112
37.765842,-122.433939,55,155
37.750294,-122.445126,195,295
37.787018,-122.399074,20,120
37.786584,-122.414292,55,155
37.74052,-122.401928,1,101
37.761126,-122.391522,13,113
37.777627,-122.432407,47,147
37.737242,-122.447559,179,279
37.762081,-122.39458,39,139
37.743588,-122.402829,0,100
37.769638,-122.398974,1,101
37.739306,-122.449503,207,307
37.752129,-122.420729,30,130
37.776626,-122.406046,4,104
37.739742,-122.441813,115,215
37.750978,-122.427326,53,153
37.75792,-122.403792,51,151
37.761665,-122.42838,21,121
37.760772,-122.418214,16,116
37.780467,-122.432599,38,138
37.76856,-122.404887,4,104
37.781986,-122.434136,41,141
37.759012,-122.416978,14,114
37.774857,-122.413342,14,114
37.748481,-122.420389,27,127
37.749917,-122.418818,26,126
37.753734,-122.428227,71,171
37.763965,-122.444125,149,249
37.78978,-122.434613,63,163
37.788595,-122.406142,33,133
37.753636,-122.435019,110,210
37.776321,-122.412642,15,115
37.75825,-122.401393,85,185
37.769272,-122.392731,0,100
37.78741,-122.419291,47,147
37.778154,-122.402988,3,103
37.746245,-122.438665,163,263
37.752833,-122.422286,34,134
37.788414,-122.393048,7,107
37.780469,-122.405179,5,105
37.782647,-122.393552,21,121
37.756887,-122.435775,90,190
37.740298,-122.438361,173,273
37.760282,-122.431882,38,138
37.778524,-122.417864,18,118
37.76461,-122.393805,5,105
37.752719,-122.410964,16,116
37.748687,-122.440364,132,232
37.769389,-122.449595,86,186
37.745545,-122.422868,30,130
37.742326,-122.413047,102,202
37.737111,-122.399748,24,124
37.770006,-122.39112,1,101
37.743837,-122.450072,168,268
37.766359,-122.425489,21,121
37.745296,-122.392038,0,100
37.765344,-122.40067,4,104
37.770968,-122.417442,10,110
37.752746,-122.429212,65,165
37.787776,-122.404955,30,130
37.784774,-122.399765,14,114
37.773758,-122.412816,14,114
37.774933,-122.419222,23,123
37.752026,-122.425833,54,154
37.786438,-122.448701,87,187
37.761834,-122.419791,11,111
37.780482,-122.439825,69,169
37.780484,-122.411346,20,120
37.738187,-122.395621,7,107
37.738013,-122.434674,101,201
37.761217,-122.404186,53,153
37.771471,-122.41826,10,110
37.75829,-122.417971,18,118
37.772489,-122.43521,56,156
37.766358,-122.416532,6,106
37.755761,-122.408484,13,113
37.767158,-122.446986,111,211
37.74091,-122.396036,2,102
37.770565,-122.427745,49,149
37.737401,-122.391972,10,110
37.783275,-122.425505,61,161
37.746495,-122.449703,194,294
37.753949,-122.404469,23,123
37.781338,-122.433271,42,142
37.74383,-122.424917,38,138
37.766148,-122.406577,10,110
37.773916,-122.446215,76,176
37.75885,-122.421373,20,120
37.770672,-122.449404,81,181
37.787664,-122.38963,16,116
37.772247,-122.444664,84,184
37.772354,-122.411561,11,111
37.782135,-122.427454,41,141
37.786449,-122.407881,35,135
37.74958,-122.419328,26,126
37.756155,-122.424953,56,156
37.767876,-122.427169,36,136
37.75606,-122.421994,29,129
37.76449,-122.407745,23,123
37.74275,-122.429204,47,147
37.789672,-122.41206,64,164
37.744789,-122.435339,128,228
37.766821,-122.446339,117,217
37.78963,-122.392116,13,113
37.75208,-122.440766,108,208
37.758175,-122.446527,149,249
37.745127,-122.397183,2,102
37.752617,-122.419616,24,124
37.759054,-122.406969,25,125
37.774626,-122.408557,8,108
37.762419,-122.40038,13,113
37.737504,-122.428658,106,206
37.788434,-122.422067,64,164
37.779319,-122.441314,89,189
37.740813,-122.432892,123,223
37.745881,-122.450126,186,286
37.766524,-122.42272,14,114
37.750493,-122.450105,225,325
37.757431,-122.440513,114,214
37.776335,-122.423698,21,121
37.788319,-122.415852,71,171
37.749809,-122.432386,57,157
37.738032,-122.423098,64,164
37.75935,-122.421883,17,117
37.786935,-122.397994,13,113
37.782839,-122.428857,43,143
37.76468,-122.437978,108,208
37.763873,-122.396883,21,121
37.73676,-122.433868,93,193
37.761035,-122.412001,8,108
37.768789,-122.443432,112,212
37.773012,-122.435739,59,159
37.772541,-122.433905,54,154
37.772272,-122.429393,56,156
37.750036,-122.448031,238,338
37.762675,-122.425649,22,122
37.744551,-122.392792,2,102
37.748029,-122.446875,192,292
37.786042,-122.411424,57,157
37.751722,-122.414051,21,121
37.756688,-122.424551,56,156
37.777681,-122.445159,80,180
37.751465,-122.411828,18,118
37.772719,-122.433362,54,154
37.754604,-122.446435,260,360
37.736685,-122.449286,176,276
37.756929,-122.420714,25,125
37.781847,-122.394581,10,110
37.784181,-122.401556,12,112
37.746059,-122.405992,48,148
37.746077,-122.449064,176,276
37.773239,-122.41022,11,111
37.739047,-122.420024,73,173
37.736667,-122.435877,101,201
37.775035,-122.408983,9,109
37.75894,-122.422782,20,120
37.752677,-122.415224,19,119
37.740725,-122.405327,1,101
37.764445,-122.397724,10,110
37.789952,-122.402886,75,175
37.74375,-122.426182,37,137
37.751322,-122.421093,31,131
37.744384,-122.435652,132,232
37.779235,-122.396469,2,102
37.749845,-122.445398,203,303
37.752285,-122.397018,36,136
37.73827,-122.419831,85,185
37.775936,-122.436309,67,167
37.755674,-122.414925,18,118
37.765753,-122.394886,4,104
37.782391,-122.424965,53,153
37.742161,-122.400388,3,103
37.765525,-122.439478,126,226
37.782377,-122.417592,32,132
37.745615,-122.409994,30,130
37.779122,-122.408594,10,110
37.764229,-122.441641,107,207
37.738535,-122.433201,136,236
37.743996,-122.401215,3,103
37.737894,-122.392831,9,109
37.741081,-122.40678,7,107
37.776247,-122.438137,62,162
37.750245,-122.396332,7,107
37.748171,-122.419563,21,121
37.747294,-122.41678,21,121
37.746315,-122.396767,0,100
37.788426,-122.407188,28,128
37.786432,-122.392445,23,123
37.756971,-122.404369,34,134
37.748624,-122.449637,235,335
37.756223,-122.416708,20,120
37.770854,-122.447904,79,179
37.758192,-122.444135,117,217
37.769085,-122.419734,11,111
37.779318,-122.395343,6,106
37.770507,-122.393829,6,106
37.776176,-122.393953,1,101
37.771944,-122.390613,2,102
37.738981,-122.440261,115,215
37.781101,-122.432301,41,141
37.787742,-122.42771,73,173
37.762858,-122.397542,26,126
37.76587,-122.438409,97,197
37.762217,-122.391594,10,110
37.772943,-122.427929,54,154
37.761588,-122.443246,101,201
37.740887,-122.436494,192,292
37.750023,-122.403936,3,103
37.743061,-122.441611,155,255
37.781816,-122.415524,26,126
37.746045,-122.428077,45,145
37.772542,-122.4498,79,179
37.756867,-122.441308,125,225
37.766769,-122.428835,30,130
37.782198,-122.42651,43,143
37.738164,-122.44372,175,275
37.781561,-122.430668,35,135
37.771641,-122.412568,8,108
37.76262,-122.428546,28,128
37.742344,-122.422413,34,134
37.75331,-122.440819,118,218
37.788888,-122.418673,56,156
37.750449,-122.421583,32,132
37.750087,-122.442684,145,245
37.784078,-122.446203,78,178
37.782815,-122.417436,34,134
37.744767,-122.412353,39,139
37.755904,-122.430041,115,215
37.752475,-122.414132,18,118
37.761629,-122.449678,117,217
37.79042,-122.398829,4,104
37.754297,-122.407429,18,118
37.754609,-122.440873,132,232
37.75064,-122.401403,21,121
37.754615,-122.40139,35,135
37.790322,-122.403682,47,147
37.764353,-122.410042,18,118
37.742413,-122.41157,97,197
37.768104,-122.430152,36,136
37.744176,-122.44571,139,239
37.763125,-122.450097,99,199
37.74979,-122.446609,223,323
37.742742,-122.408777,67,167
37.740503,-122.413931,80,180
37.776282,-122.389709,0,100
37.756676,-122.416754,19,119
37.767674,-122.430571,37,137
37.765897,-122.433084,47,147
37.738019,-122.425397,66,166
37.756344,-122.421138,25,125
37.789064,-122.395354,16,116
37.748392,-122.396206,4,104
37.756699,-122.443912,152,252
37.777535,-122.403353,3,103
37.784394,-122.416751,34,134
37.758015,-122.438026,70,170
37.741514,-122.413591,82,182
37.754593,-122.432766,94,194
37.738692,-122.444692,193,293
37.770779,-122.44373,85,185
37.748208,-122.431942,66,166
37.790365,-122.435824,68,168
37.751339,-122.421562,31,131
37.784372,-122.424405,107,207
37.751804,-122.438989,91,191
37.740351,-122.419367,74,174
37.752374,-122.446224,228,328
37.760901,-122.40515,48,148
37.772039,-122.407686,6,106
37.743306,-122.410737,75,175
37.752901,-122.4454,210,310
37.78412,-122.449553,98,198
37.750871,-122.3896,3,103
37.778656,-122.398176,5,105
37.756297,-122.431214,111,211
37.788828,-122.423057,72,172
37.765774,-122.436857,81,181
37.787082,-122.448168,84,184
37.770817,-122.394216,6,106
37.783261,-122.432966,42,142
37.768866,-122.432444,50,150
37.772496,-122.414774,9,109
37.755515,-122.403664,32,132
37.736908,-122.405792,4,104
37.744259,-122.406699,47,147
37.76578,-122.444498,136,236
37.74533,-122.407438,65,165
37.768242,-122.438312,115,215
37.746818,-122.428394,48,148
37.740361,-122.40276,3,103
37.747071,-122.440432,174,274
37.787652,-122.405939,38,138
37.758617,-122.419719,17,117
37.757013,-122.441751,120,220
37.755264,-122.449132,230,330
37.767264,-122.402819,6,106
37.778282,-122.449888,103,203
37.737131,-122.39094,12,112
37.770765,-122.407796,9,109
37.768609,-122.400476,3,103
37.790317,-122.394834,21,121
37.772176,-122.402956,7,107
37.764542,-122.443252,141,241
37.745576,-122.41149,31,131
37.78817,-122.420826,55,155
37.750191,-122.425852,58,158
37.7687,-122.423744,25,125
37.785803,-122.427878,56,156
37.766305,-122.394596,4,104
37.750124,-122.414981,19,119
37.744644,-122.418439,54,154
37.750353,-122.446678,228,328
37.763265,-122.442135,128,228
37.75762,-122.412417,15,115
37.740649,-122.414542,86,186
37.771444,-122.443368,80,180
37.75615,-122.433856,91,191
37.748755,-122.445952,215,315
37.754409,-122.392873,12,112
37.761522,-122.394532,50,150
37.790396,-122.40224,58,158
37.781172,-122.4002,11,111
37.749905,-122.413881,16,116
37.741879,-122.442874,106,206
37.739752,-122.416479,73,173
37.740464,-122.406981,9,109
37.741667,-122.438902,186,286
37.775916,-122.412044,13,113
37.771151,-122.442114,82,182
37.762842,-122.439571,79,179
37.788081,-122.417687,61,161
37.757109,-122.417733,20,120
37.790158,-122.445666,100,200
37.76148,-122.42565,20,120
37.780998,-122.413572,25,125
37.744226,-122.412397,57,157
37.74994,-122.421731,32,132
37.758093,-122.439979,86,186
37.751705,-122.446286,231,331
37.750359,-122.389556,2,102
37.788361,-122.405156,31,131
37.78261,-122.423065,52,152
37.76724,-122.419905,14,114
37.765064,-122.432127,43,143
37.774511,-122.41586,16,116
37.760371,-122.448863,133,233
37.769441,-122.420931,15,115
37.76135,-122.427804,18,118
37.785265,-122.400771,16,116
37.751896,-122.410906,16,116
37.758883,-122.449745,183,283
37.785768,-122.436012,48,148
37.738255,-122.41236,53,153
37.787229,-122.424425,71,171
37.76701,-122.40379,5,105
37.765017,-122.434098,50,150
37.742039,-122.428716,50,150
37.783676,-122.437403,46,146
37.767123,-122.406975,16,116
37.753976,-122.427706,63,163
37.788145,-122.447479,88,188
37.78701,-122.402159,16,116
37.753275,-122.441436,133,233
37.774725,-122.412453,16,116
37.767691,-122.447331,109,209
37.762943,-122.445105,161,261
37.771136,-122.420218,21,121
37.780825,-122.433891,37,137
37.780826,-122.430562,36,136
37.747213,-122.440726,179,279
37.761744,-122.44242,92,192
37.774798,-122.407194,6,106
37.77819,-122.409638,9,109
37.775362,-122.390027,6,106
37.768432,-122.430185,37,137
37.78727,-122.448549,85,185
37.756937,-122.414554,16,116
37.738032,-122.428106,100,200
37.743843,-122.393379,1,101
37.756877,-122.398892,93,193
37.777908,-122.421491,27,127
37.748725,-122.423812,45,145
37.754808,-122.44989,224,324
37.755375,-122.43312,100,200
37.783834,-122.408382,18,118
37.73762,-122.423134,65,165
37.739604,-122.414626,74,174
37.789767,-122.404549,36,136
37.750422,-122.422054,36,136
37.751363,-122.433295,60,160
37.766681,-122.415496,7,107
37.742009,-122.408834,63,163
37.763406,-122.445341,162,262
37.755157,-122.413261,12,112
37.771207,-122.43771,70,170
37.782316,-122.403886,9,109
37.755417,-122.419079,25,125
37.780752,-122.410103,17,117
37.767076,-122.440642,148,248
37.790377,-122.408897,60,160
37.748084,-122.401245,4,104
37.78294,-122.415755,31,131
37.787305,-122.423822,69,169
37.769118,-122.434435,60,160
37.762903,-122.416203,4,104
37.757516,-122.404801,33,133
37.772281,-122.442347,76,176
37.781048,-122.41544,31,131
37.740287,-122.439785,141,241
37.766762,-122.431917,40,140
37.763247,-122.449141,101,201
37.789241,-122.400285,14,114
37.741512,-122.407625,35,135
37.764479,-122.410423,18,118
37.747095,-122.424054,33,133
37.754642,-122.443159,167,267
37.754112,-122.444103,185,285
37.763721,-122.442005,118,218
37.749718,-122.449718,244,344
37.764917,-122.42262,19,119
37.754705,-122.426607,49,149
37.740051,-122.437474,183,283
37.758218,-122.415752,17,117
37.738842,-122.401121,7,107
37.789123,-122.405572,37,137
37.770107,-122.420615,14,114
37.764165,-122.406395,28,128
37.769192,-122.430245,39,139
37.780418,-122.399651,9,109
37.749327,-122.448976,244,344
37.742235,-122.443479,121,221
37.78441,-122.433849,42,142
37.758911,-122.442973,85,185
37.770848,-122.393605,3,103
37.775691,-122.428783,43,143
37.750288,-122.414464,18,118
37.742655,-122.394679,1,101
37.765703,-122.392354,6,106
37.74215,-122.434831,131,231
37.783655,-122.418732,36,136
37.780744,-122.407958,13,113
37.777246,-122.390791,9,109
37.752908,-122.449254,212,312
37.760408,-122.411873,8,108
37.759098,-122.398198,66,166
37.741179,-122.438598,183,283
37.746713,-122.418579,24,124
37.758181,-122.44999,205,305
37.750711,-122.396383,9,109
37.742686,-122.430237,52,152
37.785717,-122.413856,43,143
37.757651,-122.393583,13,113
37.783316,-122.440326,62,162
37.75645,-122.439629,121,221
37.781261,-122.441171,72,172
37.765245,-122.427674,29,129
37.751736,-122.412408,14,114
37.782453,-122.428186,41,141
37.784489,-122.39764,19,119
37.788406,-122.437547,61,161
37.756815,-122.449306,245,345
37.742769,-122.397988,4,104
37.777327,-122.427243,26,126
37.77455,-122.414212,19,119
37.783223,-122.412437,22,122
37.765008,-122.428682,32,132
37.765106,-122.444694,139,239
37.787756,-122.428586,70,170
37.78185,-122.436554,46,146
37.739086,-122.423077,62,162
37.766814,-122.400878,6,106
37.74135,-122.398381,3,103
37.743276,-122.421717,33,133
37.782369,-122.432379,40,140
37.742942,-122.42099,38,138
37.7446,-122.391224,1,101
37.781247,-122.430499,34,134
37.739226,-122.409564,25,125
37.743531,-122.401579,2,102
37.778199,-122.409246,10,110
37.789328,-122.401323,24,124
37.784663,-122.409359,40,140
37.783936,-122.442611,57,157
37.750191,-122.409852,20,120
37.761175,-122.435674,43,143
37.781987,-122.405627,25,125
37.756005,-122.409443,13,113
37.747161,-122.422889,30,130
37.782425,-122.400097,14,114
37.766714,-122.392106,1,101
37.739693,-122.448746,197,297
37.764611,-122.417405,8,108
37.752838,-122.425359,39,139
37.753331,-122.398621,71,171
37.764016,-122.430874,39,139
37.738022,-122.415287,55,155
37.73702,-122.444513,146,246
37.788009,-122.393686,13,113
37.776011,-122.448245,84,184
37.777907,-122.444896,80,180
37.767784,-122.390895,0,100
37.74211,-122.422178,36,136
37.742359,-122.450138,177,277
37.767345,-122.448123,107,207
37.783411,-122.416692,34,134
37.753816,-122.398954,68,168
37.740003,-122.431395,115,215
37.767708,-122.415594,11,111
37.759047,-122.442233,88,188
37.737269,-122.449103,185,285
37.788293,-122.438456,56,156
37.758963,-122.44912,178,278
37.764696,-122.440433,120,220
37.782615,-122.432042,40,140
37.738748,-122.395989,6,106
37.774388,-122.400064,5,105
37.784063,-122.411546,24,124
37.777966,-122.429478,32,132
37.739919,-122.394086,2,102
37.747424,-122.405549,41,141
37.763166,-122.424383,20,120
37.780407,-122.448274,88,188
37.750645,-122.444057,172,272
37.778546,-122.393957,7,107
37.760636,-122.403173,65,165
37.78752,-122.418466,50,150
37.751063,-122.419471,28,128
37.763212,-122.423329,19,119
37.746705,-122.430396,71,171
37.74847,-122.394833,2,102
37.782878,-122.408341,21,121
37.739683,-122.402939,1,101
37.742339,-122.447786,166,266
37.770567,-122.419763,17,117
37.77283,-122.411697,13,113
37.771667,-122.408112,8,108
37.756402,-122.403149,38,138
37.777863,-122.399155,6,106
37.757491,-122.396525,62,162
37.772149,-122.410586,7,107
37.789594,-122.403784,49,149
37.760507,-122.444937,124,224
37.747299,-122.40924,14,114
37.750455,-122.434909,69,169
37.783664,-122.395466,27,127
37.789419,-122.407249,40,140
37.783281,-122.421496,50,150
37.745683,-122.397373,1,101
37.752743,-122.402392,25,125
37.776388,-122.427085,28,128
37.763696,-122.42725,26,126
37.752971,-122.398582,65,165
37.743228,-122.407064,34,134
37.789746,-122.39834,4,104
37.773049,-122.434017,57,157
37.772485,-122.412439,11,111
37.767805,-122.419207,9,109
37.786156,-122.417715,43,143
37.775066,-122.392386,11,111
37.785428,-122.409508,38,138
37.771185,-122.437027,64,164
37.74637,-122.41681,36,136
37.747512,-122.430459,64,164
37.782445,-122.448413,84,184
37.744255,-122.397434,1,101
37.746457,-122.420133,24,124
37.741108,-122.402955,5,105
37.758743,-122.448528,180,280
37.786219,-122.439602,51,151
37.779939,-122.39927,5,105
37.771795,-122.39431,2,102
37.760312,-122.431309,37,137
37.740424,-122.437123,188,288
37.756237,-122.423877,48,148
37.753695,-122.412062,17,117
37.76618,-122.421518,13,113
37.767749,-122.446505,108,208
37.737779,-122.430789,128,228
37.742305,-122.40715,25,125
37.747938,-122.436699,112,212
37.758264,-122.442745,102,202
37.749133,-122.442983,159,259
37.789275,-122.39943,11,111
37.759025,-122.440945,83,183
37.774621,-122.422132,19,119
37.758867,-122.393251,28,128
37.753707,-122.447952,244,344
37.752191,-122.449396,217,317
37.781045,-122.42802,31,131
37.760824,-122.419256,15,115
37.753042,-122.391669,9,109
37.784664,-122.431875,46,146
37.74684,-122.449943,202,302
37.764798,-122.406457,22,122
37.763228,-122.443945,141,241
37.767328,-122.395873,8,108
37.742917,-122.403311,1,101
37.744544,-122.417292,62,162
37.754044,-122.403505,27,127
37.780346,-122.425642,33,133
37.783382,-122.424703,62,162
37.783818,-122.417627,32,132
37.785929,-122.398264,14,114
37.74487,-122.419641,33,133
37.765567,-122.420556,16,116
37.77333,-122.417281,14,114
37.775874,-122.424514,25,125
37.747636,-122.447815,190,290
37.770545,-122.428441,41,141
37.749412,-122.417629,20,120
37.769539,-122.4263,38,138
37.766604,-122.406619,12,112
37.742447,-122.409401,73,173
37.767855,-122.390395,0,100
37.766456,-122.409812,21,121
37.766835,-122.395408,6,106
37.746994,-122.425462,35,135
37.751779,-122.400401,51,151
37.75932,-122.430362,67,167
37.76265,-122.443939,135,235
37.742709,-122.445272,123,223
37.750303,-122.43739,82,182
37.760046,-122.413102,8,108
37.754856,-122.444117,186,286
37.754455,-122.428836,84,184
37.759354,-122.434169,44,144
37.771357,-122.43654,62,162
37.745634,-122.412446,30,130
37.738896,-122.429149,101,201
37.764489,-122.441111,118,218
37.739514,-122.437083,172,272
37.760004,-122.413696,9,109
37.774754,-122.436086,68,168
37.740774,-122.406902,8,108
37.7414,-122.449786,185,285
37.783333,-122.442926,64,164
37.76738,-122.408807,21,121
37.79032,-122.402623,56,156
37.740244,-122.39704,4,104
37.767816,-122.403864,7,107
37.75292,-122.413055,16,116
37.78786,-122.44979,96,196
37.790412,-122.391381,45,145
37.76071,-122.40702,27,127
37.775873,-122.403442,4,104
37.770374,-122.444343,86,186
37.742023,-122.446238,157,257
37.773571,-122.419226,16,116
37.742604,-122.447234,145,245
37.782881,-122.448166,92,192
37.756589,-122.417794,22,122
37.74955,-122.416073,21,121
37.757658,-122.435676,69,169
37.780227,-122.434249,37,137
37.784268,-122.393897,22,122
37.756774,-122.449904,244,344
37.778601,-122.439455,79,179
37.774833,-122.431439,70,170
37.790447,-122.398455,4,104
37.764328,-122.442251,122,222
37.763507,-122.444616,157,257
37.737863,-122.404931,4,104
37.764252,-122.392007,7,107
37.782249,-122.418632,35,135
37.770784,-122.44103,89,189
37.773285,-122.403466,6,106
37.778808,-122.418374,24,124
37.790456,-122.436466,69,169
37.749382,-122.413238,17,117
37.763097,-122.425582,21,121
37.787995,-122.421823,58,158
37.7661,-122.442575,147,247
37.790268,-122.442633,82,182
37.782144,-122.4441,83,183
37.770926,-122.448818,79,179
37.755744,-122.394574,34,134
37.765052,-122.413226,11,111
37.776244,-122.449017,100,200
37.789836,-122.411202,66,166
37.784195,-122.447388,90,190
37.766704,-122.437413,89,189
37.756672,-122.409552,13,113
37.747756,-122.440762,168,268
37.770507,-122.392648,1,101
37.736776,-122.447105,175,275
37.773262,-122.417654,15,115
37.746588,-122.438063,148,248
37.740716,-122.447889,174,274
37.780602,-122.391954,11,111
37.773619,-122.420067,18,118
37.76307,-122.409213,14,114
37.781939,-122.408608,13,113
37.790388,-122.393739,37,137
37.754968,-122.392902,14,114
37.786251,-122.441789,54,154
37.782715,-122.424212,53,153
37.763273,-122.406275,32,132
37.778723,-122.396064,5,105
37.747467,-122.415707,21,121
37.752411,-122.421617,29,129
37.765878,-122.423238,14,114
37.749524,-122.422715,38,138
37.787895,-122.40827,40,140
37.782095,-122.400025,12,112
37.756959,-122.445913,158,258
37.738675,-122.416485,61,161
37.772898,-122.41048,11,111
37.756113,-122.440116,131,231
37.786418,-122.391776,24,124
37.755475,-122.418072,21,121
37.753119,-122.390849,10,110
37.776682,-122.428335,36,136
37.757282,-122.418913,22,122
37.777336,-122.449288,94,194
37.743841,-122.445997,135,235
37.770958,-122.400618,4,104
37.780217,-122.426688,33,133
37.742581,-122.438909,177,277
37.765984,-122.41155,14,114
37.763328,-122.405639,34,134
37.747265,-122.407745,26,126
37.765983,-122.420591,13,113
37.780735,-122.404856,6,106
37.78667,-122.396379,12,112
37.745635,-122.393217,0,100
37.759072,-122.411943,10,110
37.76345,-122.418968,12,112
37.781052,-122.401303,6,106
37.752732,-122.4053,19,119
37.760588,-122.392611,29,129
37.763249,-122.401449,18,118
37.742812,-122.438067,169,269
37.763236,-122.445879,155,255
37.751075,-122.402227,17,117
37.775383,-122.394986,2,102
37.757955,-122.393164,19,119
37.77976,-122.448899,91,191
37.790327,-122.389628,5,105
37.754208,-122.442179,153,253
37.75722,-122.421223,26,126
37.744323,-122.429992,66,166
37.748695,-122.439336,125,225
37.751064,-122.429648,52,152
37.761434,-122.445538,142,242
37.769051,-122.426065,35,135
37.75835,-122.423878,28,128
37.774074,-122.413218,14,114
37.781583,-122.428991,33,133
37.760656,-122.410015,11,111
37.769,-122.422287,17,117
37.790158,-122.405039,35,135
37.746407,-122.392796,0,100
37.787554,-122.433101,54,154
37.786344,-122.403898,27,127
37.784223,-122.408659,31,131
37.754529,-122.424263,38,138
37.737814,-122.435445,111,211
37.790374,-122.44746,104,204
37.769842,-122.408958,7,107
37.772008,-122.431452,48,148
37.755106,-122.403625,32,132
37.745858,-122.391522,2,102
37.782221,-122.411172,21,121
37.743422,-122.438478,159,259
37.773855,-122.416652,15,115
37.785564,-122.415052,44,144
37.78697,-122.408167,40,140
37.750473,-122.421124,31,131
37.774787,-122.413008,15,115
37.752095,-122.41409,19,119
37.779817,-122.448181,91,191
37.779209,-122.437802,59,159
37.737241,-122.409103,6,106
37.755585,-122.440251,129,229
37.753588,-122.435771,109,209
37.789919,-122.415526,81,181
37.783908,-122.422765,57,157
37.777456,-122.416412,33,133
37.782442,-122.439648,56,156
37.766955,-122.399346,5,105
37.73857,-122.448884,201,301
37.762723,-122.415122,6,106
37.749514,-122.446153,222,322
37.742463,-122.433811,96,196
37.747565,-122.4501,221,321
37.789084,-122.42106,59,159
37.744948,-122.418157,50,150
37.751915,-122.407206,16,116
37.767754,-122.398346,3,103
37.782145,-122.438391,51,151
37.753806,-122.432497,84,184
37.743018,-122.449357,172,272
37.781436,-122.435739,42,142
37.765661,-122.41039,19,119
37.774007,-122.401036,3,103
37.774885,-122.414621,17,117
37.739537,-122.44262,147,247
37.744177,-122.443535,168,268
37.769043,-122.429026,31,131
37.738076,-122.444441,185,285
37.767115,-122.412618,7,107
37.784511,-122.408586,32,132
37.751753,-122.405868,11,111
37.752812,-122.422641,34,134
37.767382,-122.44501,114,214
37.74753,-122.448874,206,306
37.758249,-122.436977,62,162
37.777038,-122.425536,28,128
37.742342,-122.400707,3,103
37.755266,-122.39874,88,188
37.774981,-122.40112,3,103
37.750436,-122.440607,109,209
37.75795,-122.448389,198,298
37.788169,-122.400728,30,130
37.766381,-122.402845,8,108
37.761698,-122.422099,14,114
37.778276,-122.421573,31,131
37.747023,-122.404365,8,108
37.757489,-122.440028,110,210
37.741949,-122.42088,42,142
37.746538,-122.393311,0,100
37.741338,-122.436464,192,292
37.787086,-122.410373,43,143
37.786339,-122.408736,39,139
37.756885,-122.444168,156,256
37.757736,-122.419764,21,121
37.774672,-122.411623,15,115
37.744263,-122.416804,75,175
37.772484,-122.427731,54,154
37.754277,-122.411761,17,117
37.781112,-122.449903,80,180
37.768247,-122.411744,4,104
37.737911,-122.421633,80,180
37.767293,-122.398936,6,106
37.763049,-122.392369,23,123
37.7795,-122.406944,10,110
37.762537,-122.426123,22,122
37.768089,-122.416234,5,105
37.763539,-122.439922,85,185
37.75969,-122.419956,13,113
37.789008,-122.417961,62,162
37.781169,-122.392328,15,115
37.744855,-122.391668,1,101
37.760715,-122.437753,53,153
37.786819,-122.427662,71,171
37.752273,-122.436451,82,182
37.770298,-122.403553,7,107
37.781789,-122.417249,22,122
37.750347,-122.444743,192,292
37.736904,-122.392763,10,110
37.785121,-122.436481,46,146
37.749854,-122.422757,43,143
37.77275,-122.448143,80,180
37.762652,-122.404293,39,139
37.755401,-122.432779,101,201
37.782713,-122.410715,16,116
37.78978,-122.419393,58,158
37.783992,-122.436749,49,149
37.745613,-122.431354,91,191
37.747251,-122.418871,28,128
37.760184,-122.393712,51,151
37.742198,-122.42072,44,144
37.766788,-122.418284,2,102
37.771613,-122.438867,78,178
37.739932,-122.439259,148,248
37.775256,-122.400587,4,104
37.769848,-122.443602,90,190
37.76615,-122.409493,21,121
37.764302,-122.39034,11,111
37.756106,-122.394944,40,140
37.775368,-122.419823,29,129
37.758245,-122.423437,29,129
37.774993,-122.411213,13,113
37.770269,-122.409284,8,108
37.753832,-122.429315,78,178
37.758661,-122.447496,165,265
37.787248,-122.404952,32,132
37.764839,-122.410448,19,119
37.75601,-122.419941,24,124
37.765219,-122.395784,8,108
37.788095,-122.44787,91,191
37.752438,-122.415549,20,120
37.756994,-122.408603,15,115
37.774094,-122.391969,1,101
37.767424,-122.40058,3,103
37.769751,-122.430011,38,138
37.762885,-122.406261,30,130
37.779983,-122.404839,7,107
37.780361,-122.442691,94,194
37.758993,-122.441408,85,185
37.739,-122.431933,145,245
37.764739,-122.398704,8,108
37.769805,-122.434225,51,151
37.755325,-122.427836,74,174
37.781988,-122.428145,37,137
37.766526,-122.395845,5,105
37.775901,-122.446005,73,173
37.750117,-122.428412,49,149
37.753884,-122.40158,36,136
37.775842,-122.406748,8,108
37.779423,-122.401386,5,105
37.768435,-122.449446,86,186
37.759705,-122.401564,75,175
37.763479,-122.407312,23,123
37.755614,-122.40514,26,126
37.763972,-122.450101,97,197
37.764363,-122.40509,25,125
37.785932,-122.41639,47,147
37.772723,-122.425918,47,147
37.752277,-122.407263,17,117
37.765161,-122.424636,19,119
37.739481,-122.398969,6,106
37.766372,-122.403721,5,105
37.768747,-122.431341,41,141
37.752522,-122.445431,210,310
37.77207,-122.426356,47,147
37.770316,-122.444803,84,184
37.786957,-122.398447,12,112
37.73967,-122.408791,14,114
37.751993,-122.446463,234,334
37.753284,-122.445269,204,304
37.768311,-122.419301,10,110
37.774191,-122.419036,24,124
37.778913,-122.440341,80,180
37.751909,-122.447103,254,354
37.788885,-122.422601,75,175
37.750637,-122.401756,18,118
37.760567,-122.413876,6,106
37.779753,-122.437965,56,156
37.741933,-122.420092,48,148
37.777318,-122.434566,65,165
37.788352,-122.416888,71,171
37.751159,-122.396884,24,124
37.742611,-122.431603,64,164
37.782404,-122.397192,9,109
37.755959,-122.392975,11,111
37.763113,-122.40242,23,123
37.743368,-122.406744,35,135
37.739801,-122.402506,1,101
37.76577,-122.398769,5,105
37.782363,-122.421213,40,140
37.744278,-122.430671,76,176
37.744414,-122.442213,167,267
37.740856,-122.389698,3,103
37.769042,-122.445095,94,194
37.771931,-122.446712,81,181
37.743667,-122.427261,43,143
37.769932,-122.392786,5,105
37.743204,-122.401936,1,101
37.785603,-122.448615,98,198
37.787188,-122.447375,85,185
37.788154,-122.424699,73,173
37.780848,-122.429588,32,132
37.789112,-122.431952,77,177
37.749181,-122.408852,12,112
37.759575,-122.450035,157,257
37.737186,-122.437359,115,215
37.752082,-122.413492,18,118
37.756101,-122.437832,98,198
37.75695,-122.405171,24,124
37.746508,-122.420654,30,130
37.742111,-122.418193,70,170
37.737108,-122.436797,118,218
37.788423,-122.400369,30,130
37.770103,-122.446105,84,184
37.757216,-122.446681,185,285
37.76362,-122.437834,96,196
37.762258,-122.422534,15,115
37.760307,-122.408068,19,119
37.772207,-122.409651,10,110
37.75455,-122.407147,21,121
37.743557,-122.429347,52,152
37.762326,-122.40095,20,120
37.751106,-122.397846,26,126
37.746931,-122.426521,40,140
37.771336,-122.44723,79,179
37.790416,-122.427423,106,206
37.757107,-122.411404,17,117
37.78935,-122.402549,58,158
37.737102,-122.417413,67,167
37.768417,-122.4389,132,232
37.762795,-122.430085,33,133
37.765259,-122.395188,4,104
37.78485,-122.420714,61,161
37.790439,-122.443409,89,189
37.749298,-122.418154,22,122
37.777139,-122.399404,1,101
37.779919,-122.432058,36,136
37.742145,-122.415774,117,217
37.777682,-122.424442,23,123
37.754782,-122.429686,95,195
37.772621,-122.408212,6,106
37.76462,-122.419663,13,113
37.781535,-122.42733,39,139
37.777097,-122.425046,29,129
37.739081,-122.413052,60,160
37.758461,-122.412504,12,112
37.790053,-122.407463,51,151
37.757361,-122.426904,52,152
37.769034,-122.391029,2,102
37.760817,-122.404602,59,159
37.787408,-122.438207,51,151
37.752252,-122.445309,210,310
37.787614,-122.428953,64,164
37.772614,-122.39816,5,105
37.770686,-122.423242,22,122
37.774299,-122.396872,2,102
37.751185,-122.401325,31,131
37.763712,-122.399548,7,107
37.745674,-122.429087,52,152
37.747754,-122.439687,153,253
37.760853,-122.435466,40,140
37.789477,-122.429328,87,187
37.739508,-122.40558,0,100
37.768059,-122.400942,4,104
37.76127,-122.389613,18,118
37.778399,-122.400682,6,106
37.7758,-122.420399,23,123
37.758295,-122.399031,83,183
37.782147,-122.409256,19,119
37.749517,-122.410173,16,116
37.756389,-122.408546,13,113
37.759558,-122.430785,56,156
37.774834,-122.428019,47,147
37.75056,-122.414492,18,118
37.771086,-122.410684,11,111
37.773881,-122.392241,0,100
37.748204,-122.418324,23,123
37.756387,-122.409504,13,113
37.737191,-122.438193,102,202
37.73743,-122.412221,48,148
37.784469,-122.433404,43,143
37.775673,-122.449613,106,206
37.746721,-122.405648,40,140
37.748945,-122.410621,14,114
37.749676,-122.413261,17,117
37.769032,-122.41205,6,106
37.737654,-122.41532,52,152
37.768188,-122.410775,15,115
37.780164,-122.400532,4,104
37.782293,-122.421793,41,141
37.774347,-122.446733,78,178
37.739684,-122.447115,193,293
37.7897,-122.389753,13,113
37.753237,-122.407335,20,120
37.780234,-122.443539,100,200
37.744679,-122.416537,71,171
37.772553,-122.420034,17,117
37.775396,-122.423547,23,123
37.742759,-122.399999,5,105
37.772585,-122.442035,75,175
37.739746,-122.436727,172,272
37.76932,-122.435967,74,174
37.766321,-122.438595,99,199
37.740349,-122.442013,115,215
37.757488,-122.44742,193,293
37.748668,-122.401989,5,105
37.742472,-122.421946,35,135
37.761602,-122.450142,118,218
37.74533,-122.433505,121,221
37.78007,-122.433739,39,139
37.753742,-122.413134,16,116
37.780364,-122.40436,10,110
37.760168,-122.400214,43,143
37.736779,-122.414157,46,146
37.782379,-122.408048,13,113
37.765563,-122.411887,15,115
37.746917,-122.39546,0,100
37.785157,-122.406708,26,126
37.761338,-122.441033,74,174
37.781544,-122.392512,15,115
37.739262,-122.432259,149,249
37.748222,-122.450135,229,329
37.772588,-122.417168,13,113
37.766029,-122.404072,7,107
37.750181,-122.417703,25,125
37.787514,-122.422187,67,167
37.790392,-122.439241,76,176
37.757068,-122.444433,148,248
37.788201,-122.397584,15,115
37.74766,-122.410523,12,112
37.764976,-122.393862,2,102
37.749386,-122.439104,106,206
37.779087,-122.395638,7,107
37.783799,-122.431813,42,142
37.753177,-122.424133,33,133
37.772268,-122.40843,6,106
37.743472,-122.442031,155,255
37.737077,-122.43519,97,197
37.78967,-122.399742,5,105
37.78248,-122.408826,17,117
37.771862,-122.41477,13,113
37.746545,-122.445727,169,269
