40.76153,-73.978469,21,121
40.722462,-73.980585,6,106
40.766049,-73.983367,47,147
40.723898,-73.976499,6,106
40.721356,-73.993708,17,117
40.707633,-74.01027,12,112
40.772358,-73.958709,29,129
40.762302,-73.960571,31,131
40.759813,-73.980218,21,121
40.768987,-73.963252,35,135
40.714507,-74.006041,68,168
40.715777,-73.991437,15,115
40.739552,-73.978955,13,113
40.751174,-73.985127,28,128
40.711498,-74.017976,0,100
40.7662,-73.977579,34,134
40.715779,-73.977865,14,114
40.710325,-74.014891,6,106
40.707801,-74.004373,14,114
40.710983,-74.004137,6,106
40.748554,-73.999888,8,108
40.761939,-73.957347,18,118
40.75338,-74.004098,2,102
40.740169,-74.005637,9,109
40.769615,-73.948428,0,100
40.73992,-73.996947,21,121
40.760231,-73.957103,0,100
40.714042,-73.990424,15,115
40.765468,-73.971987,17,117
40.778862,-73.967519,36,136
40.710986,-73.980135,5,105
40.755452,-73.99565,12,112
40.725887,-73.984994,13,113
40.76232,-73.991977,15,115
40.757273,-73.964482,34,134
40.732947,-74.005764,15,115
40.74586,-73.971921,6,106
40.747727,-74.004149,5,105
40.733927,-73.996637,19,119
40.71164,-74.008203,13,113
40.764959,-73.9641,43,143
40.74907,-73.988289,14,114
40.725663,-73.991991,20,120
40.745622,-74.003236,15,115
40.734682,-73.983238,23,123
40.741402,-73.9776,17,117
40.741846,-73.992362,14,114
40.732407,-73.999008,16,116
40.709513,-74.001158,14,114
40.710714,-73.993115,9,109
40.747222,-73.977067,25,125
40.77856,-73.987413,44,144
40.768599,-73.957867,34,134
40.769513,-73.970395,16,116
40.740007,-73.995385,23,123
40.710484,-73.986957,6,106
40.758111,-73.985446,15,115
40.727034,-73.996854,27,127
40.751272,-74.006758,16,116
40.756572,-74.005686,1,101
40.751461,-73.997695,28,128
40.775267,-73.980387,28,128
40.780094,-73.981066,35,135
40.71982,-74.007167,28,128
40.77709,-73.952351,32,132
40.73478,-74.008571,16,116
40.750892,-73.976799,17,117
40.750833,-73.990197,15,115
40.751846,-73.980973,54,154
40.767989,-73.981043,25,125
40.774218,-73.991855,4,104
40.776696,-73.968199,23,123
40.745365,-74.006261,6,106
40.714092,-74.003368,28,128
40.766328,-73.956548,32,132
40.740491,-73.983062,35,135
40.770167,-73.959488,31,131
40.763556,-73.959671,26,126
40.739345,-73.980359,27,127
40.727314,-73.982787,13,113
40.760315,-73.991262,19,119
40.768908,-73.988719,24,124
40.76125,-73.972004,16,116
40.75493,-73.962819,29,129
40.713772,-73.998071,23,123
40.709484,-74.017913,3,103
40.766682,-73.957386,25,125
40.766461,-73.986767,23,123
40.729002,-73.988601,19,119
40.782198,-73.975317,50,150
40.775354,-73.960604,48,148
40.708701,-74.001067,18,118
40.729463,-74.006537,31,131
40.754858,-73.99523,14,114
40.725169,-74.007308,8,108
40.708484,-73.998321,4,104
40.721227,-74.006541,11,111
40.762205,-73.98246,22,122
40.745208,-73.980859,23,123
40.70361,-74.015388,5,105
40.720785,-73.999579,18,118
40.781726,-73.971945,57,157
40.715445,-73.993671,20,120
40.765135,-73.96537,30,130
40.730243,-73.989729,24,124
40.756614,-73.968724,15,115
40.710724,-73.981867,4,104
40.7734,-73.970271,38,138
40.703502,-74.01312,6,106
40.750125,-73.982669,64,164
40.777904,-73.953922,33,133
40.753127,-73.989779,17,117
40.755952,-74.000325,14,114
40.750127,-73.994956,12,112
40.776963,-73.951677,31,131
40.71266,-73.997077,15,115
40.772628,-73.966922,40,140
40.719887,-73.992327,15,115
40.718327,-73.982542,16,116
40.763368,-73.959246,25,125
40.766094,-73.963749,31,131
40.770151,-73.976008,24,124
40.780162,-73.967511,31,131
40.7463,-74.004875,6,106
40.721303,-73.99653,15,115
40.706748,-74.005156,7,107
40.749111,-73.979754,54,154
40.7102,-73.98897,0,100
40.716784,-74.008804,47,147
40.723585,-73.998334,32,132
40.754711,-74.001451,5,105
40.715393,-74.002632,0,100
40.746391,-73.999913,16,116
40.762037,-73.972573,23,123
40.765868,-73.97656,29,129
40.746206,-73.98518,33,133
40.703951,-74.006376,55,155
40.763573,-73.994974,18,118
40.725905,-73.99459,25,125
40.747363,-73.991736,29,129
40.72535,-73.990062,14,114
40.719749,-74.001021,14,114
40.718868,-73.97932,9,109
40.775915,-73.991199,2,102
40.724791,-73.997302,29,129
40.752765,-74.004542,3,103
40.766379,-73.994262,13,113
40.772446,-73.95505,26,126
40.705654,-74.018902,3,103
40.737851,-74.004481,7,107
40.741537,-73.995363,27,127
40.722864,-73.974322,8,108
40.768046,-73.968379,32,132
40.767272,-73.981988,24,124
40.74652,-73.987822,48,148
40.740936,-74.008889,4,104
40.72964,-73.980646,14,114
40.778173,-73.989557,0,100
40.755008,-73.9777,20,120
40.737832,-73.995821,18,118
40.735165,-73.987912,37,137
40.75005,-74.008277,10,110
40.724612,-74.010156,9,109
40.767142,-73.979806,38,138
40.767516,-73.964331,42,142
40.702249,-74.015566,4,104
40.773229,-73.975177,25,125
40.747522,-73.993161,35,135
40.753694,-73.994959,26,126
40.717803,-73.985267,14,114
40.716052,-74.012128,3,103
40.768664,-73.971659,16,116
40.704302,-74.008678,13,113
40.764557,-73.960121,25,125
40.733219,-73.979585,22,122
40.765283,-73.985448,30,130
40.758788,-73.973902,95,195
40.763439,-73.998525,3,103
40.746671,-74.001739,9,109
40.759599,-73.98747,17,117
40.743031,-73.979535,30,130
40.755999,-74.002468,8,108
40.731307,-74.004133,11,111
40.757051,-73.979488,25,125
40.779274,-73.957758,48,148
40.740165,-74.00136,20,120
40.761419,-73.98673,16,116
40.768205,-73.992383,14,114
40.745924,-73.992162,37,137
40.716839,-73.986001,5,105
40.77266,-73.959489,34,134
40.730924,-73.983702,18,118
40.752913,-73.978002,22,122
40.747415,-73.976224,13,113
40.780743,-73.984556,39,139
40.774668,-73.991183,5,105
40.782718,-73.949431,28,128
40.721556,-74.010924,1,101
40.736098,-73.984263,29,129
40.756952,-73.98599,18,118
40.715442,-74.009072,17,117
40.740455,-73.998215,25,125
40.749926,-74.007473,14,114
40.724624,-74.000762,17,117
40.771291,-73.967337,34,134
40.746202,-73.981323,66,166
40.768159,-73.952742,19,119
40.743716,-73.977326,13,113
40.723478,-73.977414,9,109
40.712985,-74.011425,10,110
40.749814,-73.966507,6,106
40.775174,-73.962984,37,137
40.746972,-73.992727,48,148
40.766688,-73.951156,26,126
40.714088,-74.007781,38,138
40.775999,-73.949997,27,127
40.726222,-73.978364,12,112
40.712841,-73.987755,10,110
40.736152,-73.996089,24,124
40.770834,-73.99262,8,108
40.716856,-74.013144,0,100
40.777644,-73.961222,39,139
40.768142,-73.984068,43,143
40.727898,-73.996927,26,126
40.750125,-74.004028,11,111
40.712658,-74.01644,6,106
40.767168,-73.978388,25,125
40.721502,-74.003397,8,108
40.729995,-73.977715,8,108
40.735621,-73.986749,25,125
40.712923,-74.014204,7,107
40.771925,-73.951765,29,129
40.757696,-73.988783,22,122
40.758879,-73.972137,14,114
40.704925,-74.011562,10,110
40.74353,-73.998283,15,115
40.753374,-73.9806,22,122
40.774795,-73.986344,13,113
40.749223,-73.990406,14,114
40.758524,-73.98688,16,116
40.738263,-73.983585,28,128
40.720358,-73.977495,10,110
40.782597,-73.960596,33,133
40.781874,-73.968618,36,136
40.740353,-73.984695,30,130
40.771627,-73.959235,36,136
40.779321,-73.951114,28,128
40.739558,-73.988863,41,141
40.717413,-73.979759,11,111
40.721146,-73.99754,21,121
40.739447,-73.994066,27,127
40.761509,-73.960589,29,129
40.755652,-73.990019,32,132
40.780162,-73.984224,44,144
40.757123,-73.985496,18,118
40.778607,-73.95124,28,128
40.768264,-73.992906,13,113
40.724705,-74.007006,16,116
40.72725,-73.999664,14,114
40.774132,-73.951383,25,125
40.761321,-73.983097,19,119
40.723482,-73.985422,12,112
40.715135,-73.992674,18,118
40.736436,-73.998764,19,119
40.76692,-73.985422,25,125
40.761398,-73.978157,21,121
40.712323,-73.979156,13,113
40.720267,-74.002049,12,112
40.74266,-73.990178,22,122
40.779789,-73.974307,41,141
40.778316,-73.967011,34,134
40.759868,-73.978393,22,122
40.758288,-73.960026,21,121
40.752784,-73.972988,13,113
40.711426,-73.996181,13,113
40.756078,-73.977177,18,118
40.733566,-73.997651,15,115
40.730233,-73.999244,19,119
40.741045,-74.001497,14,114
40.770229,-73.983243,51,151
40.724733,-73.973022,5,105
40.760445,-73.958129,12,112
40.759239,-74.003456,4,104
40.756276,-73.983506,19,119
40.779928,-73.946653,14,114
40.722195,-73.99618,16,116
40.737637,-73.978235,25,125
40.720171,-74.000104,15,115
40.775632,-73.991574,0,100
40.716848,-73.989573,23,123
40.739156,-73.989705,36,136
40.765568,-73.997753,2,102
40.733451,-73.976187,16,116
40.758183,-73.993816,18,118
40.729918,-74.009174,11,111
40.770101,-73.967435,55,155
40.74674,-73.969157,6,106
40.738785,-73.973496,7,107
40.759166,-73.976734,22,122
40.77423,-73.990813,7,107
40.746128,-73.996471,16,116
40.740029,-73.991786,40,140
40.716188,-74.014936,4,104
40.772647,-73.952455,36,136
40.739008,-73.999359,16,116
40.73833,-74.001284,18,118
40.739562,-73.995237,17,117
40.74084,-74.002979,22,122
40.75954,-73.965836,20,120
40.755627,-73.999556,17,117
40.76623,-73.981678,24,124
40.730694,-73.995517,18,118
40.773427,-73.964259,31,131
40.774224,-73.949125,28,128
40.776836,-73.953356,29,129
40.762785,-73.98146,22,122
40.759768,-73.960659,30,130
40.782629,-73.951204,31,131
40.771388,-73.954507,24,124
40.777766,-73.949383,23,123
40.78267,-73.985961,17,117
40.733097,-73.974381,5,105
40.734744,-73.9996,15,115
40.755033,-73.990472,15,115
40.753159,-73.97415,17,117
40.77162,-73.988506,15,115
40.770363,-73.983943,42,142
40.744536,-73.977372,16,116
40.763413,-73.975006,21,121
40.722476,-74.001241,17,117
40.725791,-73.986668,16,116
40.767885,-73.995502,2,102
40.781966,-73.971289,38,138
40.775417,-73.971855,25,125
40.751451,-73.999402,18,118
40.777098,-73.945857,21,121
40.772531,-73.991253,6,106
40.716605,-73.985215,20,120
40.7681,-73.975822,23,123
40.770327,-73.987402,34,134
40.726471,-73.973163,6,106
40.744174,-74.001626,13,113
40.773703,-73.96704,20,120
40.76552,-73.952718,37,137
40.723258,-73.986348,13,113
40.775806,-73.954839,30,130
40.764414,-73.980839,22,122
40.779744,-73.980241,34,134
40.764825,-73.990155,21,121
40.764254,-73.999617,0,100
40.749862,-73.993833,12,112
40.757956,-73.971942,27,127
40.73258,-73.977268,17,117
40.743844,-73.992987,23,123
40.77182,-73.982277,32,132
40.771973,-73.945728,0,100
40.714767,-74.007589,9,109
40.75539,-73.971656,15,115
40.717343,-73.995416,19,119
40.720817,-74.007543,9,109
40.767449,-73.9592,36,136
40.780644,-73.952667,39,139
40.752322,-73.970219,13,113
40.72473,-73.976636,9,109
40.73614,-73.99355,28,128
40.770239,-73.955691,26,126
40.748071,-73.999113,9,109
40.777998,-73.960031,37,137
40.75844,-73.982806,20,120
40.711967,-74.006275,13,113
40.776732,-73.96184,40,140
40.778337,-73.974915,37,137
40.744677,-73.980985,30,130
40.7333,-73.991295,32,132
40.768155,-73.971155,17,117
40.72171,-74.004353,8,108
40.763824,-73.987776,28,128
40.754055,-73.982229,21,121
40.73241,-73.976517,14,114
40.720941,-73.985118,14,114
40.762315,-73.995879,18,118
40.776487,-73.990784,0,100
40.713582,-74.003718,9,109
40.724429,-73.98148,6,106
40.72229,-73.994331,23,123
40.731757,-73.982054,19,119
40.738802,-73.988864,32,132
40.742412,-73.995622,20,120
40.768816,-73.968259,44,144
40.753988,-73.975821,18,118
40.733344,-74.002645,10,110
40.727225,-73.97964,8,108
40.773648,-73.959857,34,134
40.75027,-73.979183,64,164
40.703164,-74.014281,5,105
40.762911,-73.967688,19,119
40.716341,-73.984366,9,109
40.779485,-73.955612,50,150
40.768203,-73.950859,19,119
40.74494,-73.995587,28,128
40.753096,-73.981176,22,122
40.769289,-73.99107,21,121
40.717441,-73.994217,18,118
40.750263,-73.996697,18,118
40.763749,-73.985682,28,128
40.761696,-73.966881,49,149
40.762692,-73.979273,20,120
40.72035,-73.992769,17,117
40.754264,-73.970917,19,119
40.741964,-73.998182,21,121
40.760966,-73.979054,21,121
40.777882,-73.945715,15,115
40.704263,-74.016715,4,104
40.738435,-73.995275,29,129
40.769148,-73.953114,18,118
40.7328,-73.974999,7,107
40.718494,-74.002223,21,121
40.755617,-73.981937,20,120
40.742158,-73.993107,18,118
40.721837,-73.990096,18,118
40.758097,-73.966228,41,141
40.757798,-74.000504,5,105
40.779581,-73.943719,8,108
40.762524,-73.976937,21,121
40.748574,-73.990782,14,114
40.777927,-73.951883,32,132
40.702176,-74.008965,1,101
40.74559,-73.983706,43,143
40.71046,-73.984479,3,103
40.746922,-74.006352,8,108
40.759209,-73.969043,17,117
40.760465,-73.98,21,121
40.733934,-74.005159,15,115
40.763145,-73.989213,23,123
40.709405,-73.997761,11,111
40.731957,-73.99809,20,120
40.746146,-73.986249,44,144
40.780138,-73.94917,25,125
40.781529,-73.967829,37,137
40.731104,-74.001406,10,110
40.752464,-73.986287,20,120
40.749877,-73.974381,9,109
40.758883,-73.974855,21,121
40.761859,-73.990154,18,118
40.736056,-74.001851,15,115
40.737816,-73.993806,29,129
40.71532,-74.010506,18,118
40.755875,-73.960992,0,100
40.762065,-73.981666,21,121
40.767074,-73.96256,59,159
40.762335,-73.988136,32,132
40.769591,-73.952202,19,119
40.76265,-73.973201,23,123
40.727276,-73.979022,7,107
40.751006,-73.98858,16,116
40.768215,-73.988496,22,122
40.710989,-73.991477,7,107
40.772054,-73.956081,26,126
40.750746,-73.992118,13,113
40.77326,-73.981855,30,130
40.777997,-73.980195,35,135
40.703071,-74.01303,4,104
40.736402,-73.977368,24,124
40.771292,-73.950203,42,142
40.777736,-73.987813,22,122
40.782701,-73.945135,9,109
40.757582,-73.961191,52,152
40.78155,-73.984498,31,131
40.738764,-74.008714,10,110
40.782518,-73.947009,13,113
40.705077,-74.004974,24,124
40.741146,-73.989888,35,135
40.77411,-73.96489,40,140
40.767889,-73.949647,4,104
40.705918,-74.003641,7,107
40.774252,-73.954391,27,127
40.708637,-73.997851,1,101
40.778132,-73.956432,46,146
40.777638,-73.975235,44,144
40.721478,-74.010121,16,116
40.779257,-73.959093,38,138
40.723588,-74.004542,8,108
40.752051,-73.967264,7,107
40.773423,-73.945239,23,123
40.746078,-74.002383,11,111
40.76367,-73.997151,15,115
40.719218,-73.977776,3,103
40.760258,-73.985159,29,129
40.727669,-73.991046,20,120
40.741194,-74.005961,4,104
40.754372,-73.963416,47,147
40.717338,-74.016088,0,100
40.778735,-73.98527,40,140
40.770878,-73.961167,31,131
40.707052,-74.016511,2,102
40.759172,-73.978699,22,122
40.71761,-73.996339,17,117
40.729528,-73.98237,12,112
40.728418,-74.005352,30,130
40.769884,-73.986367,43,143
40.733734,-74.002083,13,113
40.714447,-73.99179,22,122
40.781526,-73.983225,41,141
40.727406,-74.008198,29,129
40.781375,-73.95646,61,161
40.716096,-74.004696,32,132
40.730512,-73.976035,20,120
40.773309,-73.950889,36,136
40.731324,-73.984644,24,124
40.747736,-73.986851,36,136
40.70931,-74.00593,74,174
40.731323,-73.988616,25,125
40.703523,-74.011507,6,106
40.718348,-73.994436,17,117
40.729956,-74.008308,23,123
40.772655,-73.953493,32,132
40.772201,-73.966433,36,136
40.762585,-73.970963,21,121
40.724137,-73.978832,8,108
40.718808,-73.992613,17,117
40.77463,-73.974052,30,130
40.759444,-73.992903,15,115
40.720309,-74.00617,27,127
40.768365,-73.96527,38,138
40.782001,-73.961642,34,134
40.74853,-73.973089,13,113
40.729188,-73.981561,13,113
40.72698,-73.999837,13,113
40.727774,-73.988265,18,118
40.771506,-73.970925,36,136
40.77696,-73.963751,37,137
40.77502,-73.972553,22,122
40.713096,-74.009404,33,133
40.72044,-73.982448,11,111
40.731559,-74.000645,8,108
40.749315,-74.005951,12,112
40.743615,-73.99051,40,140
40.730854,-73.981392,14,114
40.751902,-73.989979,17,117
40.736384,-73.97513,0,100
40.730547,-73.995214,32,132
40.755194,-73.984998,19,119
40.720547,-74.010058,5,105
40.747949,-73.984942,14,114
40.71347,-73.997192,25,125
40.777304,-73.986245,21,121
40.735409,-73.984451,25,125
40.719432,-74.000345,16,116
40.745918,-73.972657,7,107
40.715813,-73.983871,15,115
40.775061,-73.947768,31,131
40.7535,-73.967188,15,115
40.745284,-73.979149,26,126
40.75604,-73.996034,12,112
40.768855,-73.950464,17,117
40.714218,-73.984959,19,119
40.751615,-73.968537,11,111
40.759118,-73.988416,23,123
40.761392,-73.981512,21,121
40.735605,-74.007742,14,114
40.740054,-73.999128,16,116
40.73644,-73.978858,8,108
40.781534,-73.945971,14,114
40.730706,-73.978029,12,112
40.734377,-73.987621,25,125
40.731769,-73.999389,15,115
40.72598,-74.011148,0,100
40.702214,-74.013445,2,102
40.750627,-73.987665,15,115
40.72104,-74.005315,14,114
40.736219,-74.001334,14,114
40.777339,-73.970868,25,125
40.779387,-73.988662,5,105
40.769365,-73.955585,27,127
40.75075,-73.998279,25,125
40.73697,-74.008094,13,113
40.731005,-74.007286,26,126
40.758814,-73.989495,19,119
40.773355,-73.984059,35,135
40.716754,-74.010438,0,100
40.714779,-73.997834,19,119
40.757684,-73.990872,23,123
40.71917,-73.976901,9,109
40.756965,-73.993137,23,123
40.763313,-73.964911,30,130
40.748065,-73.983649,81,181
40.712402,-73.999079,9,109
40.739064,-74.005448,5,105
40.750157,-74.000282,11,111
40.737676,-74.005684,9,109
40.760893,-73.965048,29,129
40.773871,-73.958423,31,131
40.737809,-73.986522,27,127
40.748231,-73.982007,30,130
40.751151,-74.004547,8,108
40.743267,-73.978201,14,114
40.745246,-73.982898,41,141
40.77812,-73.950223,31,131
40.710411,-73.995136,13,113
40.781162,-73.947678,15,115
40.772381,-73.978024,39,139
40.753021,-73.983761,24,124
40.749082,-74.003478,9,109
40.735954,-73.982119,12,112
40.7208,-74.011957,0,100
40.760546,-73.99166,20,120
40.708221,-74.001977,8,108
40.749463,-73.997709,12,112
40.716039,-73.999256,19,119
40.71412,-73.996405,37,137
40.73015,-74.005315,13,113
40.730008,-73.974555,6,106
40.760266,-73.95964,41,141
40.781347,-73.985258,38,138
40.73104,-74.008013,23,123
40.715843,-73.97631,8,108
40.722782,-73.981347,7,107
40.701181,-74.00458,0,100
40.718119,-73.998972,14,114
40.781074,-73.977456,32,132
40.724326,-73.990891,19,119
40.75525,-73.963575,40,140
40.767545,-73.96138,43,143
40.708349,-74.018717,4,104
40.758471,-73.962818,31,131
40.725622,-74.005204,18,118
40.727468,-73.98499,15,115
40.780312,-73.975553,44,144
40.733623,-73.990123,46,146
40.705699,-74.012302,10,110
40.712203,-74.017481,5,105
40.726124,-74.010348,2,102
40.754165,-74.000209,10,110
40.720311,-73.991855,20,120
40.764212,-73.996473,13,113
40.740533,-73.985118,35,135
40.759365,-73.998855,5,105
40.750254,-73.987437,16,116
40.728527,-73.977968,7,107
40.768368,-73.97003,29,129
40.746867,-73.996311,15,115
40.761264,-73.993358,15,115
40.713897,-74.012233,8,108
40.748407,-73.996138,10,110
40.724598,-73.980083,9,109
40.772166,-73.987872,17,117
40.770848,-73.977689,28,128
40.755466,-73.997238,24,124
40.767163,-73.991868,9,109
40.724289,-73.992819,18,118
40.719982,-73.991037,19,119
40.743666,-74.007687,6,106
40.754717,-74.006743,1,101
40.710025,-73.99884,9,109
40.733843,-73.986342,17,117
40.728567,-73.991132,27,127
40.745536,-73.99318,36,136
40.738757,-74.004466,11,111
40.781156,-73.961754,35,135
40.736382,-74.007094,11,111
40.762432,-73.974772,22,122
40.709521,-74.006328,56,156
40.757372,-73.966723,32,132
40.751137,-73.982604,64,164
40.741676,-73.999321,14,114
40.737414,-73.975767,5,105
40.771961,-73.987384,22,122
40.78035,-73.964316,38,138
40.779063,-73.958624,40,140
40.773831,-73.977015,40,140
40.756995,-73.967684,14,114
40.773381,-73.961205,40,140
40.734323,-74.009505,0,100
40.718137,-73.981799,13,113
40.714382,-73.992669,20,120
40.760256,-73.989032,12,112
40.72733,-74.007322,32,132
40.740336,-73.986327,11,111
40.720797,-73.988871,16,116
40.774399,-73.97019,29,129
40.765541,-73.972541,16,116
40.728454,-73.983667,16,116
40.724608,-73.983812,13,113
40.781867,-73.948867,24,124
40.781624,-73.944493,1,101
40.726073,-73.992986,21,121
40.782401,-73.978671,45,145
40.745513,-74.004806,9,109
40.729859,-73.978689,11,111
40.73887,-73.996314,15,115
40.716891,-73.980334,13,113
40.775294,-73.987524,29,129
40.719997,-73.986554,14,114
40.732732,-74.002467,13,113
40.747299,-73.999279,17,117
40.742918,-73.994906,25,125
40.767606,-73.967331,41,141
40.714391,-73.986284,21,121
40.780694,-73.980119,37,137
40.728809,-73.986322,17,117
40.755557,-73.99364,15,115
40.748841,-73.995242,12,112
40.773412,-73.977257,37,137
40.74273,-74.001828,13,113
40.765231,-73.989198,16,116
40.711543,-73.994895,17,117
40.758562,-73.959475,10,110
40.731178,-74.00893,14,114
40.722982,-73.979929,7,107
40.744872,-73.970748,107,207
40.77401,-73.946675,25,125
40.772798,-73.945743,35,135
40.748739,-74.002664,14,114
40.745182,-73.994219,23,123
40.756949,-73.977296,15,115
40.781186,-73.95958,45,145
40.77226,-73.963115,29,129
40.78064,-73.948409,25,125
40.778442,-73.981242,45,145
40.724128,-73.996748,33,133
40.721315,-73.981755,14,114
40.711638,-73.999836,15,115
40.704539,-74.005681,67,167
40.77303,-73.966627,58,158
40.75663,-73.972671,17,117
40.749679,-73.987862,13,113
40.756342,-73.987655,22,122
40.716007,-74.005504,8,108
40.723647,-73.987276,14,114
40.779079,-73.965157,28,128
40.722936,-74.000034,18,118
40.756385,-73.977903,18,118
40.715265,-74.003079,11,111
40.751244,-73.983379,58,158
40.776352,-73.987005,36,136
40.722853,-73.983383,16,116
40.774215,-73.986924,28,128
40.7456,-73.997167,19,119
40.750282,-73.966122,6,106
40.770723,-73.988332,31,131
40.767762,-73.979305,28,128
40.772364,-73.952799,37,137
40.740095,-73.986502,46,146
40.751559,-73.984137,53,153
40.726814,-73.992686,20,120
40.74311,-73.98357,14,114
40.77973,-73.976247,42,142
40.766304,-73.985922,23,123
40.759281,-73.965334,28,128
40.727156,-73.984252,12,112
40.747735,-73.973757,13,113
40.757219,-73.966289,21,121
40.750733,-73.982894,60,160
40.76277,-73.972019,23,123
40.780662,-73.960456,53,153
40.717696,-73.990457,21,121
40.749603,-73.985238,49,149
40.769092,-73.952123,15,115
40.753342,-73.972638,15,115
40.769485,-73.976101,28,128
40.715751,-74.004988,33,133
40.762633,-73.956839,22,122
40.752359,-73.968389,9,109
40.746751,-73.972731,12,112
40.777686,-73.978616,36,136
40.745212,-74.007725,5,105
40.777,-73.975679,42,142
40.753852,-73.998404,24,124
40.711667,-73.993485,20,120
40.755208,-73.965386,30,130
40.7373,-73.983503,22,122
40.743234,-74.003018,5,105
40.775145,-73.990687,0,100
40.740434,-73.986974,36,136
40.739863,-74.006899,5,105
40.707375,-74.00771,11,111
40.723876,-73.978358,9,109
40.754878,-73.980153,21,121
40.725291,-73.983581,10,110
40.732809,-73.988154,25,125
40.706557,-74.018764,4,104
40.731613,-73.983196,22,122
40.718053,-74.006577,8,108
40.721591,-73.978517,12,112
40.781747,-73.963026,39,139
40.766968,-73.964734,44,144
40.741016,-73.986246,13,113
40.762642,-73.963331,39,139
40.710439,-74.007081,30,130
40.717298,-74.012725,13,113
40.730358,-73.972928,1,101
40.78076,-73.949645,29,129
40.78062,-73.972259,35,135
40.721907,-74.00748,13,113
40.743891,-74.004582,7,107
40.766417,-73.960134,53,153
40.715751,-73.986077,25,125
40.774351,-73.979461,38,138
40.756278,-73.964428,37,137
40.777421,-73.962607,48,148
40.736042,-74.004701,14,114
40.733105,-73.992848,21,121
40.724052,-73.993613,24,124
40.758068,-73.989687,28,128
40.724234,-73.99559,27,127
40.773897,-73.94554,36,136
40.777016,-73.947611,20,120
40.740159,-73.980388,20,120
40.766487,-73.952866,41,141
40.740324,-73.988757,47,147
40.720667,-74.003032,12,112
40.72239,-74.003781,9,109
40.768569,-73.953705,22,122
40.757775,-73.967605,17,117
40.740781,-73.99357,25,125
40.770504,-73.989751,14,114
40.782464,-73.953422,41,141
40.716848,-73.975632,6,106
40.757006,-73.981332,20,120
40.760927,-73.996449,19,119
40.707822,-74.006865,55,155
40.722657,-73.996972,21,121
40.774315,-73.989082,15,115
40.740963,-73.980407,24,124
40.762944,-73.966007,42,142
40.752278,-73.991604,15,115
40.761333,-73.970086,17,117
40.766811,-73.963529,40,140
40.733711,-73.98224,17,117
40.737619,-73.99153,36,136
40.712068,-74.016573,5,105
40.719395,-74.002575,17,117
40.717917,-74.007345,6,106
40.71856,-74.008836,20,120
40.719947,-73.990162,21,121
40.719864,-73.997884,18,118
40.729035,-74.003489,10,110
40.777117,-73.9492,25,125
40.749474,-73.969311,12,112
40.744996,-73.999837,15,115
40.751186,-73.993153,11,111
40.707378,-74.002431,12,112
40.750066,-73.970696,12,112
40.766991,-73.968929,29,129
40.71182,-74.009536,13,113
40.743194,-73.972088,7,107
40.756969,-73.96181,38,138
40.738187,-73.975679,13,113
40.726168,-73.975615,5,105
40.734146,-73.99716,17,117
40.763166,-73.982355,44,144
40.773001,-73.978323,65,165
40.77638,-73.979575,36,136
40.717767,-73.992562,21,121
40.708047,-74.001091,12,112
40.753756,-73.971675,15,115
40.719371,-73.990152,17,117
40.781331,-73.983981,37,137
40.755925,-73.980723,20,120
40.737369,-73.992744,52,152
40.74226,-73.972328,5,105
40.718002,-73.997465,12,112
40.77527,-73.965761,24,124
40.76911,-73.979447,22,122
40.76827,-73.995843,3,103
40.724611,-74.00392,9,109
40.775997,-73.951372,35,135
40.713897,-73.980873,21,121
40.706858,-74.001541,5,105
40.773901,-73.972867,21,121
40.714212,-73.998753,19,119
40.74373,-73.981659,26,126
40.714651,-73.982877,13,113
40.71943,-73.984914,12,112
40.780604,-73.96389,40,140
40.727448,-73.977431,6,106
40.735655,-73.982534,19,119
40.776337,-73.946003,26,126
40.712699,-73.989502,7,107
40.711216,-73.980596,8,108
40.760769,-73.97666,22,122
40.759424,-73.959772,33,133
40.738617,-74.008121,16,116
40.748803,-73.970645,12,112
40.762644,-73.984998,46,146
40.728032,-73.980822,16,116
40.775618,-73.964742,21,121
40.751326,-74.00227,6,106
40.737564,-74.009169,21,121
40.771071,-73.98139,57,157
40.775994,-73.966945,29,129
40.763927,-73.982573,28,128
40.769174,-73.986583,49,149
40.711983,-73.989771,9,109
40.754829,-73.96647,25,125
40.730197,-74.006464,21,121
40.770072,-73.98786,40,140
40.778906,-73.96218,42,142
40.775371,-73.966201,17,117
40.739165,-73.972886,2,102
40.763009,-73.976161,20,120
40.775155,-73.947382,30,130
40.720931,-73.978829,11,111
40.758253,-73.964885,32,132
40.751466,-74.008156,4,104
40.727468,-73.981326,9,109
40.747431,-73.982158,53,153
40.738104,-73.992088,47,147
40.761568,-73.974674,21,121
40.711759,-74.010291,52,152
40.748121,-74.003862,6,106
40.77337,-73.955214,37,137
40.778399,-73.968868,39,139
40.732744,-73.998176,13,113
40.747402,-74.004387,9,109
40.717887,-73.976159,6,106
40.769467,-73.962907,34,134
40.780812,-73.950758,35,135
40.761545,-74.002207,2,102
40.779694,-73.978134,34,134
40.7697,-73.988137,29,129
40.764196,-73.965088,30,130
40.77937,-73.964814,35,135
40.71676,-73.987255,6,106
40.771691,-73.980923,38,138
40.712136,-73.978034,9,109
40.782087,-73.984949,29,129
40.772714,-73.979428,73,173
40.727783,-73.976166,6,106
40.728708,-73.998433,13,113
40.743602,-73.996527,16,116
40.769804,-73.952711,21,121
40.738577,-73.993777,31,131
40.714337,-74.015126,5,105
40.776941,-73.97769,46,146
40.757309,-74.001357,4,104
40.744867,-73.997434,21,121
40.774022,-73.943751,0,100
40.774424,-73.97534,38,138
40.768448,-73.955415,23,123
40.762544,-73.978952,20,120
40.730378,-73.972485,0,100
40.770478,-73.954314,29,129
40.776709,-73.946885,23,123
40.721201,-74.001332,16,116
40.724514,-73.999783,20,120
40.731632,-74.003227,12,112
40.759659,-73.999536,4,104
40.775181,-73.955334,30,130
40.712485,-74.011004,11,111
40.755678,-73.984001,20,120
40.745613,-73.972695,2,102
40.73603,-73.976888,12,112
40.780783,-73.96987,30,130
40.756429,-73.985776,19,119
40.770615,-73.958555,37,137
40.773397,-73.963195,42,142
40.762618,-73.994655,14,114
40.736421,-73.98322,17,117
40.774676,-73.966589,15,115
40.778917,-73.946268,28,128
40.736201,-74.010418,1,101
40.733923,-74.009601,0,100
40.701719,-74.012645,2,102
40.778445,-73.968131,32,132
40.768322,-73.961293,41,141
40.778193,-73.942931,7,107
40.761967,-73.968374,64,164
40.776128,-73.98749,37,137
40.743343,-73.989865,28,128
40.765003,-73.992518,25,125
40.744532,-74.000651,18,118
40.732902,-73.989998,31,131
40.71478,-73.990153,18,118
40.765688,-73.96357,43,143
40.768893,-73.992018,12,112
40.752742,-74.00767,5,105
40.768171,-73.985539,47,147
40.732512,-73.979848,23,123
40.739069,-74.002623,11,111
40.75292,-74.002996,8,108
40.713155,-73.984336,13,113
40.73798,-73.998296,23,123
40.757564,-73.982652,19,119
40.754711,-73.987921,16,116
40.726169,-73.987487,15,115
40.701585,-74.012115,1,101
40.742278,-73.99893,19,119
40.725052,-74.008505,10,110
40.718284,-73.999749,17,117
40.70798,-74.018637,5,105
40.729022,-73.983151,11,111
40.779961,-73.982712,49,149
40.751301,-73.971699,13,113
40.756601,-73.966749,17,117
40.766849,-73.97211,14,114
40.740807,-73.976171,14,114
40.764849,-73.960817,34,134
40.735068,-74.006543,13,113
40.748392,-73.992525,25,125
40.777646,-73.95528,45,145
40.778715,-73.943169,10,110
40.701133,-74.015015,2,102
40.731603,-74.005989,18,118
40.767853,-73.969862,26,126
40.723234,-73.976372,9,109
40.77936,-73.955229,48,148
40.765328,-73.960007,39,139
40.779357,-73.944615,36,136
40.773688,-73.949821,29,129
40.73811,-74.000023,20,120
40.713343,-74.01292,9,109
40.738169,-73.987375,40,140
40.773477,-73.96535,41,141
40.746187,-73.994717,23,123
40.755406,-73.965853,22,122
40.745564,-73.995125,24,124
40.751276,-74.002916,5,105
40.72378,-73.983715,12,112
40.72685,-73.98353,14,114
40.725145,-73.990872,16,116
40.755509,-73.964187,41,141
40.751853,-74.002371,11,111
40.723523,-73.988991,15,115
40.780251,-73.947468,25,125
40.77514,-73.985148,35,135
40.730334,-73.991775,44,144
40.70811,-74.005502,15,115
40.770926,-73.978769,40,140
40.757525,-73.984523,19,119
40.732538,-74.009465,6,106
40.779879,-73.971788,25,125
40.771266,-73.953464,17,117
40.746941,-73.984975,24,124
40.755401,-73.969742,28,128
40.775072,-73.983074,18,118
40.763648,-73.991282,17,117
40.772966,-73.955334,29,129
40.722515,-73.990727,15,115
40.760713,-73.982366,20,120
40.745004,-73.984232,32,132
40.762861,-73.991341,21,121
40.738723,-74.000067,16,116
40.712986,-73.977176,9,109
40.727696,-74.003324,10,110
40.712709,-74.007538,69,169
40.760095,-73.969208,16,116
40.776127,-73.977867,48,148
40.704038,-74.012039,8,108
40.77171,-73.951095,31,131
40.771161,-73.989369,16,116
40.732376,-74.001716,16,116
40.714011,-74.014476,6,106
40.751734,-73.993795,11,111
40.714974,-73.983591,15,115
40.7577,-73.998721,8,108
40.719533,-73.993071,26,126
40.739638,-74.000117,15,115
40.743172,-73.986306,43,143
40.777301,-73.988931,3,103
40.727884,-74.009582,17,117
40.756923,-73.975313,18,118
40.71143,-74.006698,24,124
40.75358,-74.004572,3,103
40.737358,-73.994715,19,119
40.748782,-73.985355,39,139
40.773112,-73.946111,34,134
40.727814,-73.987774,15,115
40.710004,-73.990602,7,107
40.713388,-73.982361,13,113
40.750841,-73.970589,12,112
40.752284,-73.983943,25,125
40.747122,-73.989238,25,125
40.749082,-73.978271,28,128
40.734201,-74.003402,17,117
40.75542,-74.003135,5,105
40.729042,-74.008561,15,115
40.726019,-73.977886,10,110
40.723206,-73.984224,14,114
40.726813,-73.987109,17,117
40.769167,-73.969089,36,136
40.774496,-73.972093,28,128
40.749938,-73.998876,16,116
40.721427,-73.999033,15,115
40.720594,-74.007281,8,108
40.775634,-73.958404,45,145
40.739855,-73.982401,36,136
40.743017,-73.987172,11,111
40.730704,-73.990841,51,151
40.718436,-74.015147,0,100
40.706491,-73.99724,0,100
40.717996,-73.989839,19,119
40.778452,-73.949053,22,122
40.751972,-73.990877,16,116
40.767642,-73.953494,32,132
40.7615,-73.988106,26,126
40.75565,-73.988095,56,156
40.757982,-73.963172,35,135
40.748685,-73.981127,36,136
40.78225,-73.978985,42,142
40.77947,-73.972309,25,125
40.725469,-73.998972,18,118
40.747819,-73.998544,14,114
40.736778,-73.98227,17,117
40.763914,-73.98025,21,121
40.746675,-73.982448,59,159
40.709792,-73.996083,23,123
40.753167,-74.003588,6,106
40.726397,-74.001387,13,113
40.745736,-73.977054,10,110
40.751873,-73.96551,7,107
40.731332,-74.002443,13,113
40.758757,-73.981605,17,117
40.752912,-73.971618,15,115
40.777356,-73.954592,55,155
40.764334,-73.959591,35,135
40.745754,-74.003547,14,114
40.747615,-74.001911,8,108
40.715601,-73.994218,19,119
40.759961,-73.994148,13,113
40.763807,-73.988737,23,123
40.732302,-73.992802,29,129
40.756877,-73.98685,20,120
40.742722,-74.005458,15,115
40.765747,-73.980532,23,123
40.701937,-74.014726,3,103
40.751327,-74.001166,17,117
40.742193,-73.983338,33,133
40.732327,-73.984885,14,114
40.755136,-73.992649,24,124
40.716363,-74.016444,0,100
40.723924,-74.00063,15,115
40.774712,-73.954211,32,132
40.71857,-74.010394,13,113
40.711295,-73.997245,14,114
40.729815,-73.990511,20,120
40.706639,-74.012113,11,111
40.747411,-73.986084,51,151
40.712445,-74.009861,43,143
40.750256,-73.969197,11,111
40.72674,-74.008748,17,117
40.70962,-73.993181,4,104
40.757181,-73.959934,0,100
40.769944,-73.984259,37,137
40.709784,-74.016455,4,104
40.772216,-73.96432,34,134
40.738699,-73.99045,34,134
40.738156,-74.00696,16,116
40.71488,-73.979483,11,111
40.752699,-73.96919,12,112
40.718185,-74.003775,19,119
40.72071,-73.99734,27,127
40.770645,-73.952744,26,126
40.772974,-73.948124,24,124
40.709544,-74.009446,13,113
40.775717,-73.986504,20,120
40.724952,-73.998333,25,125
40.738225,-73.992949,32,132
40.753879,-74.003406,1,101
40.78096,-73.953064,40,140
40.726453,-73.984528,14,114
40.763032,-73.993675,16,116
40.782662,-73.97717,51,151
40.735391,-73.992155,33,133
40.769678,-73.958332,36,136
40.775273,-73.951594,27,127
40.767977,-73.960456,38,138
40.721239,-73.992315,17,117
40.757507,-73.963088,40,140
40.714953,-74.006494,44,144
40.774577,-73.94996,35,135
40.743794,-73.983812,32,132
40.776504,-73.975277,32,132
40.75686,-73.971298,16,116
40.77501,-73.970416,21,121
40.778567,-73.961383,46,146
40.752908,-74.008085,3,103
40.77728,-73.948232,22,122
40.761301,-73.957812,26,126
40.781108,-73.970462,29,129
40.728495,-74.011104,0,100
40.763313,-73.978816,20,120
40.758361,-73.980659,22,122
40.764596,-73.956293,29,129
40.725198,-74.011239,0,100
40.735246,-74.003266,20,120
40.755499,-73.973117,16,116
40.766444,-73.995959,6,106
40.7558,-73.966786,24,124
40.782692,-73.964076,37,137
40.768179,-73.954775,26,126
40.76325,-73.970588,62,162
40.774744,-73.962456,37,137
40.760025,-73.976114,22,122
40.751407,-73.991549,14,114
40.762225,-73.96818,48,148
40.778023,-73.988166,32,132
40.781888,-73.972418,47,147
40.739401,-74.00278,12,112
40.768844,-73.956347,17,117
40.748974,-74.000911,12,112
40.773346,-73.967095,22,122
40.780155,-73.973093,40,140
40.7505,-74.00828,8,108
40.735851,-73.999342,22,122
40.779028,-73.976558,39,139
40.708537,-74.010452,13,113
40.754469,-74.002955,4,104
40.739554,-73.997938,23,123
40.766151,-73.952062,23,123
40.77592,-73.975698,53,153
40.750966,-73.996483,15,115
40.743751,-73.987984,47,147
40.751027,-73.979031,67,167
40.773523,-73.976839,37,137
40.782687,-73.963616,35,135
40.771969,-73.981584,43,143
40.761551,-73.964619,34,134
40.778763,-73.97986,40,140
40.771381,-73.973505,17,117
40.779055,-73.955911,42,142
40.782394,-73.95138,28,128
40.756582,-73.961229,49,149
40.723385,-74.006183,3,103
40.755522,-73.971014,14,114
40.739636,-74.006359,6,106
40.775263,-73.956584,37,137
40.749227,-73.976726,16,116
40.741429,-74.009335,2,102
40.730459,-73.977827,12,112
40.717976,-74.015342,0,100
40.756592,-73.990328,20,120
40.771539,-73.969231,33,133
40.745241,-73.990545,13,113
40.778477,-73.947181,38,138
40.77755,-73.944954,16,116
40.741487,-74.004516,11,111
40.745885,-73.994007,23,123
40.728006,-74.010892,2,102
40.779987,-73.944867,32,132
40.763277,-73.957065,30,130
40.719503,-73.978991,5,105
40.778348,-73.94492,24,124
40.750098,-73.974893,5,105
40.767595,-73.982748,29,129
40.721037,-74.005848,19,119
40.779812,-73.948394,21,121
40.763083,-73.997693,17,117
40.72788,-73.999134,18,118
40.76188,-73.955239,9,109
40.710536,-73.996593,15,115
40.757321,-73.989969,21,121
40.757674,-73.977091,21,121
40.775437,-73.959937,42,142
40.723108,-73.995822,21,121
40.750485,-73.9758,13,113
40.773345,-73.980945,47,147
40.722685,-73.995046,20,120
40.750992,-73.968247,10,110
40.719607,-73.983826,10,110
40.734659,-74.002212,11,111
40.761185,-73.987359,28,128
40.777962,-73.970578,36,136
40.727912,-73.993234,30,130
40.769133,-73.980698,22,122
40.761193,-73.961841,22,122
40.707643,-74.017531,4,104
40.762295,-73.954764,12,112
40.726538,-74.006739,19,119
40.756448,-73.997634,12,112
40.772075,-73.954167,19,119
40.755303,-73.976288,17,117
40.717736,-74.004138,24,124
40.758106,-73.981734,18,118
40.720984,-73.986905,11,111
40.763299,-73.961012,29,129
40.733114,-73.994743,28,128
40.744915,-73.991707,24,124
40.751673,-73.992171,13,113
40.736992,-73.998096,25,125
40.776034,-73.94528,19,119
40.721438,-73.992846,17,117
40.746,-73.980847,73,173
40.720995,-74.012638,0,100
40.746122,-73.999274,25,125
40.752024,-73.983316,58,158
40.708453,-74.006278,74,174
40.705101,-74.013923,7,107
40.77423,-73.953071,32,132
40.740854,-73.974405,16,116
40.75273,-73.971181,14,114
40.751817,-74.001205,9,109
40.743137,-74.004611,10,110
40.78223,-73.965259,30,130
40.711109,-73.986692,8,108
40.735028,-73.998538,16,116
40.745063,-74.001913,11,111
40.782616,-73.979179,39,139
40.776665,-73.949522,20,120
40.733174,-73.996722,19,119
40.7115,-73.996827,9,109
40.746682,-73.976386,20,120
40.755639,-74.00366,2,102
40.73375,-73.992377,26,126
40.753779,-73.997204,33,133
40.721369,-73.979866,14,114
40.722643,-73.991545,13,113
40.729635,-74.004698,5,105
40.748219,-73.98799,13,113
40.750447,-73.979596,64,164
40.734519,-73.978726,19,119
40.72467,-73.992349,19,119
40.721413,-73.995554,17,117
40.731951,-73.995634,23,123
40.755995,-74.004529,4,104
40.741327,-73.986983,10,110
40.765751,-73.996251,5,105
40.775861,-73.970795,22,122
40.759363,-73.983065,14,114
40.76163,-73.998113,16,116
40.728539,-74.004633,11,111
40.741513,-73.991571,30,130
40.780231,-73.951336,30,130
40.720429,-73.987241,15,115
40.723407,-74.003575,10,110
40.776667,-73.963047,44,144
40.722928,-73.994642,18,118
40.714059,-74.009403,65,165
40.726108,-73.995095,29,129
40.782691,-73.964611,38,138
40.759783,-73.958492,17,117
40.717884,-74.002744,17,117
40.749818,-73.989908,14,114
40.778993,-73.97763,37,137
40.773612,-73.991184,6,106
40.75998,-73.986439,24,124
40.753832,-73.974329,17,117
40.725455,-73.987668,20,120
40.734556,-73.980615,15,115
40.778693,-73.970974,24,124
40.71248,-74.009152,28,128
40.763431,-73.982985,22,122
40.775416,-73.985785,41,141
40.775392,-73.974697,38,138
40.733584,-73.985046,18,118
40.774072,-73.982693,0,100
40.711942,-73.998692,13,113
40.773783,-73.967685,21,121
40.736704,-73.991158,34,134
40.776773,-73.951218,32,132
40.74393,-73.987439,38,138
40.725244,-73.979719,10,110
40.736426,-74.008314,22,122
40.729264,-73.973516,0,100
40.734136,-74.00251,12,112
40.718094,-74.001325,16,116
40.72798,-73.986205,19,119
40.725285,-74.00923,4,104
40.726795,-73.977868,8,108
40.749167,-73.99944,8,108
40.703446,-74.009954,6,106
40.75233,-74.001594,3,103
40.762091,-73.98564,20,120
40.757118,-73.989474,19,119
40.758977,-73.968496,18,118
40.768902,-73.969642,29,129
40.759229,-73.971067,15,115
40.744013,-73.973358,24,124
40.774285,-73.945324,35,135
40.764667,-73.983981,49,149
40.745718,-73.976021,8,108
40.760607,-73.970464,13,113
40.7482,-73.99944,8,108
40.764947,-73.953131,27,127
40.743387,-73.974697,16,116
40.740911,-73.982164,31,131
40.732991,-74.006843,13,113
40.779425,-73.945463,20,120
40.713684,-73.986568,10,110
40.719246,-74.008097,21,121
40.771202,-73.954069,21,121
40.713942,-74.005823,54,154
40.719841,-73.976533,8,108
40.725501,-74.00114,12,112
40.728433,-73.989201,18,118
40.756519,-73.982921,20,120
40.777452,-73.964538,24,124
40.732774,-73.987563,24,124
40.731956,-73.998856,21,121
40.774132,-73.992449,3,103
40.763949,-73.971151,72,172
40.757977,-73.959101,1,101
40.767178,-73.954507,18,118
40.765458,-73.995568,9,109
40.743903,-73.975918,8,108
40.779057,-73.963502,47,147
40.750392,-73.968684,11,111
40.758,-73.979805,22,122
40.704615,-74.018296,2,102
40.732007,-73.984129,18,118
40.714121,-73.982062,16,116
40.706423,-74.017831,2,102
40.733985,-73.98105,12,112
40.752334,-74.003507,9,109
40.729381,-74.001603,16,116
40.730346,-74.010667,5,105
40.775168,-73.967784,17,117
40.747486,-73.980233,33,133
40.739298,-73.988239,36,136
40.745892,-73.973709,1,101
40.715787,-73.977278,14,114
40.739602,-73.996193,28,128
40.756033,-73.969305,30,130
40.782355,-73.962854,38,138
40.75076,-73.980337,63,163
40.76667,-73.978443,23,123
40.767798,-73.95308,28,128
40.707432,-74.007184,11,111
40.711155,-74.016327,7,107
40.749073,-73.97436,13,113
40.720664,-74.000297,19,119
40.723682,-73.979706,6,106
40.70145,-74.011367,2,102
40.729565,-73.986309,20,120
40.732562,-74.001007,14,114
40.777434,-73.970145,27,127
40.756554,-73.960833,57,157
40.775736,-73.962834,38,138
40.744947,-74.002503,12,112
40.774399,-73.987359,23,123
40.731986,-74.009891,8,108
40.747861,-74.00659,6,106
40.778856,-73.94807,24,124
40.73654,-73.990766,26,126
40.76688,-73.99506,1,101
40.751739,-73.978798,22,122
40.718593,-74.00428,13,113
40.762472,-73.964883,22,122
40.777531,-73.95094,32,132
40.705897,-74.007176,13,113
40.76151,-73.982323,21,121
40.768884,-73.964553,42,142
40.75339,-73.963329,2,102
40.772642,-73.969611,36,136
40.764023,-73.981123,22,122
40.726034,-73.999571,14,114
40.721858,-74.006992,12,112
40.756645,-73.96303,56,156
40.733136,-73.988928,33,133
40.748744,-73.995974,8,108
40.761693,-74.000498,11,111
40.738822,-73.99818,23,123
40.719646,-73.985764,10,110
40.778514,-73.967549,33,133
40.773571,-73.944156,0,100
40.751738,-73.984562,57,157
40.7698,-73.975735,22,122
40.741475,-73.972899,13,113
40.719692,-73.99482,15,115
40.739219,-73.973973,1,101
40.728208,-73.988687,19,119
40.75438,-73.975038,17,117
40.76984,-73.971095,22,122
40.781149,-73.963556,36,136
40.775013,-73.986861,18,118
40.777334,-73.980719,40,140
40.759568,-73.983549,15,115
40.757536,-73.974809,19,119
40.780364,-73.95975,62,162
40.766135,-73.958034,31,131
40.749803,-73.999455,13,113
40.766543,-73.95901,32,132
40.762343,-73.966517,37,137
40.729488,-73.980286,13,113
40.712598,-73.990697,11,111
40.781957,-73.9593,45,145
40.768942,-73.995889,8,108
40.701151,-74.015373,2,102
40.718363,-73.993744,17,117
40.772055,-73.952893,28,128
40.732154,-74.002155,16,116
40.748763,-73.991235,30,130
40.758438,-73.984717,16,116
40.744184,-73.971339,8,108
40.735521,-73.9915,29,129
40.748678,-73.975386,15,115
40.771852,-73.969395,31,131
40.727461,-74.008763,14,114
40.735984,-73.991437,28,128
40.748717,-74.00343,7,107
40.708986,-74.015976,5,105
40.749121,-73.996979,10,110
40.727056,-74.004506,15,115
40.77332,-73.957116,41,141
40.743885,-74.00278,8,108
40.734665,-73.974985,5,105
40.73633,-73.992279,38,138
40.753709,-73.96575,27,127
40.760461,-73.965924,40,140
40.732309,-74.010472,0,100
40.773787,-73.946159,30,130
40.743959,-73.995287,15,115
40.706852,-74.003466,2,102
40.743445,-74.005344,7,107
40.731605,-74.008848,20,120
40.743446,-73.978621,43,143
40.758919,-73.974214,19,119
40.741207,-73.972944,12,112
40.750573,-73.969957,12,112
40.745055,-73.992039,26,126
40.75717,-73.999344,6,106
40.735775,-73.981693,12,112
40.70629,-74.005573,7,107
40.743089,-73.981572,22,122
40.755817,-73.962976,70,170
40.733026,-73.990638,34,134
40.7656,-73.986201,22,122
40.726622,-73.977452,6,106
40.748655,-73.971507,12,112
40.77392,-73.980387,50,150
40.770382,-73.972368,35,135
40.733806,-73.983873,16,116
40.748062,-73.975842,15,115
40.775201,-73.976721,48,148
40.717956,-73.979783,10,110
40.722083,-74.004032,7,107
40.73914,-73.995102,19,119
40.782733,-73.968181,40,140
40.728088,-73.982061,9,109
40.722161,-73.97798,6,106
40.769162,-73.957087,39,139
40.751099,-73.975231,13,113
40.766717,-73.959425,28,128
40.752548,-73.982646,25,125
40.782707,-73.957208,55,155
40.782615,-73.948346,24,124
40.752639,-73.988624,17,117
40.742904,-73.981131,27,127
40.738048,-73.992535,40,140
40.717214,-74.014768,27,127
40.734782,-73.992859,28,128
40.717734,-73.978791,6,106
40.75957,-73.98936,14,114
40.755935,-73.961715,38,138
40.753696,-73.981386,22,122
40.764934,-73.957098,25,125
40.76666,-73.984797,36,136
40.756326,-73.966108,32,132
40.713946,-73.991598,17,117
40.744129,-73.978304,14,114
40.717999,-74.004715,33,133
40.736517,-73.985254,28,128
40.708045,-74.007135,46,146
40.756963,-73.991204,38,138
40.766223,-73.995442,9,109
40.704047,-74.012656,7,107
40.731012,-73.979648,12,112
40.778445,-73.957167,49,149
40.716465,-73.990215,20,120
40.715726,-74.003359,26,126
40.749092,-73.986074,36,136
40.770153,-73.984929,48,148
40.747526,-73.997854,8,108
40.729836,-74.001512,14,114
40.715148,-74.012811,24,124
40.759776,-73.98985,10,110
40.777334,-73.944431,14,114
40.7141,-73.977152,16,116
40.738911,-73.979339,18,118
40.763713,-73.965866,32,132
40.76262,-73.975234,21,121
40.739409,-73.982461,28,128
40.770262,-73.949857,18,118
40.727247,-73.990048,20,120
40.720418,-73.985371,11,111
40.719369,-74.009391,24,124
40.776537,-73.95658,32,132
40.703753,-74.01437,6,106
40.726402,-73.971971,2,102
40.764531,-73.979785,21,121
40.781944,-73.957343,50,150
40.723688,-73.99268,15,115
40.771847,-73.978732,47,147
40.724214,-74.010593,6,106
40.71549,-73.999514,16,116
40.723866,-74.00708,5,105
40.718883,-74.011075,16,116
40.776768,-73.949113,24,124
40.765166,-73.992951,25,125
40.742575,-73.999636,8,108
40.741176,-73.982795,15,115
40.739394,-74.007217,8,108
40.716696,-73.994614,20,120
40.775254,-73.961697,33,133
40.743434,-74.008487,4,104
40.734489,-74.008472,19,119
40.775056,-73.972953,21,121
40.712382,-73.978327,14,114
40.748072,-74.007089,5,105
40.763331,-73.986621,27,127
40.754635,-73.993362,25,125
40.715654,-73.995315,16,116
40.759426,-73.961503,28,128
40.766231,-73.962161,44,144
40.74558,-74.006771,9,109
40.753639,-73.96752,28,128
40.76262,-73.957446,38,138
40.782636,-73.959623,37,137
40.773611,-73.987412,28,128
40.779844,-73.986662,16,116
40.760698,-73.990094,19,119
40.761191,-73.967593,15,115
40.716424,-73.996625,19,119
40.773391,-73.99072,10,110
40.777416,-73.964922,24,124
40.714196,-73.995368,25,125
40.766339,-73.972261,14,114
40.773014,-73.989878,8,108
40.721219,-73.998544,23,123
40.758607,-73.995028,16,116
40.721118,-74.003719,9,109
40.781261,-73.951806,31,131
40.763819,-73.97193,24,124
40.718955,-73.982174,19,119
40.72407,-73.992125,13,113
40.724162,-73.973039,0,100
40.707831,-73.999822,19,119
40.77761,-73.972922,29,129
40.778528,-73.988476,1,101
40.721291,-73.983401,8,108
40.756062,-73.990987,21,121
40.777557,-73.979161,34,134
40.749114,-73.9697,12,112
40.74549,-74.00211,7,107
40.705073,-74.011078,11,111
40.733329,-73.989383,32,132
40.736113,-73.982495,13,113
40.758044,-73.964366,39,139
40.766748,-73.953488,29,129
40.713516,-73.978542,26,126
40.762649,-73.954378,1,101
40.743067,-73.998997,10,110
40.714112,-74.017473,5,105
40.756937,-73.983116,19,119
40.718985,-74.011868,1,101
40.767766,-73.991324,14,114
40.741644,-74.002907,18,118
40.778696,-73.983939,34,134
40.729314,-74.010765,0,100
40.737385,-73.974499,3,103
40.723207,-73.979509,5,105
40.704526,-74.016855,3,103
40.778684,-73.957728,51,151
40.757684,-73.980993,20,120
40.724553,-74.011186,5,105
40.760677,-74.00292,1,101
40.707413,-74.011116,12,112
40.773766,-73.985867,26,126
40.777338,-73.963483,37,137
40.77345,-73.953197,28,128
40.772321,-73.96265,43,143
40.74688,-73.99827,11,111
40.759231,-73.982754,16,116
40.750045,-73.988367,15,115
40.759027,-73.960563,25,125
40.7714,-73.984092,23,123
40.760252,-73.98389,14,114
40.776449,-73.966283,24,124
40.71933,-74.008696,18,118
40.77635,-73.952205,31,131
40.731796,-73.987733,21,121
40.765244,-73.967563,28,128
40.772748,-73.946377,35,135
40.779029,-73.978537,35,135
40.75822,-73.999938,6,106
40.724992,-74.005515,10,110
40.77047,-73.958214,32,132
40.760608,-73.98599,18,118
40.782012,-73.960069,32,132
40.774784,-73.971204,27,127
40.724446,-73.985246,14,114
40.733285,-74.004949,12,112
40.7285,-73.985601,17,117
40.748213,-73.991842,47,147
40.758974,-73.98017,21,121
40.725793,-73.980693,10,110
40.755369,-73.967744,28,128
40.729479,-74.003291,10,110
40.722877,-74.004751,14,114
40.74325,-73.974377,24,124
40.720536,-73.994685,14,114
40.766936,-73.987398,26,126
40.711048,-74.006768,42,142
40.725658,-74.001994,13,113
40.775516,-73.976492,62,162
40.71085,-74.000638,16,116
40.722029,-73.99531,18,118
40.736826,-73.984172,24,124
40.757143,-73.976113,7,107
40.757627,-73.97577,19,119
40.7209,-73.99575,17,117
40.749511,-73.9831,46,146
40.73438,-74.009152,13,113
40.768162,-73.978988,25,125
40.768823,-73.979221,24,124
40.780664,-73.961853,33,133
40.776353,-73.989495,7,107
40.744452,-73.986744,38,138
40.76271,-73.974151,23,123
40.774274,-73.948342,29,129
40.713508,-73.981291,9,109
40.712987,-73.99489,20,120
40.738956,-73.994667,22,122
40.781782,-73.985077,25,125
40.73811,-74.01045,1,101
40.716656,-74.001017,10,110
40.735676,-73.992829,33,133
40.732054,-73.988099,22,122
40.753762,-73.97359,16,116
40.730843,-73.980013,12,112
40.761672,-73.980736,21,121
40.779543,-73.949706,25,125
40.717553,-73.984438,12,112
40.77138,-73.980182,47,147
40.773218,-73.971779,28,128
40.725089,-74.006455,15,115
40.756558,-74.001915,18,118
40.766452,-73.983075,88,188
40.767814,-73.97332,24,124
40.736909,-74.003276,14,114
40.775381,-73.9674,21,121
40.723231,-73.991245,17,117
40.759905,-73.966689,19,119
40.714855,-73.984566,23,123
40.742705,-73.992341,13,113
40.770604,-73.964762,47,147
40.722155,-74.009949,11,111
40.764615,-73.969976,35,135
40.735244,-74.000325,16,116
40.710265,-74.018258,4,104
40.750149,-73.987926,15,115
40.757071,-73.982526,19,119
40.752199,-73.966297,10,110
40.770505,-73.987813,38,138
40.780969,-73.985084,36,136
40.726414,-73.993675,21,121
40.76866,-73.964024,36,136
40.738034,-73.994324,29,129
40.768123,-73.961796,34,134
40.781006,-73.959157,54,154
40.773976,-73.977613,47,147
40.771147,-73.991283,17,117
40.767075,-73.960259,38,138
40.778056,-73.968214,32,132
40.718755,-73.993544,19,119
40.717941,-74.014531,56,156
40.74456,-73.994683,41,141
40.780325,-73.969385,34,134
40.770906,-73.968175,27,127
40.728405,-73.99869,12,112
40.739546,-73.974714,9,109
40.77149,-73.946505,39,139
40.735616,-74.002889,19,119
40.760673,-73.994725,14,114
40.744398,-73.983373,37,137
40.710596,-74.009862,14,114
40.718156,-74.001975,16,116
40.782257,-73.973314,42,142
40.771528,-73.96072,30,130
40.778956,-73.984549,40,140
40.775694,-73.976847,63,163
40.73486,-74.008043,14,114
40.75827,-73.974615,93,193
40.736511,-73.992717,46,146
40.768228,-73.981437,30,130
40.728206,-73.977219,8,108
40.732682,-74.004748,14,114
40.765852,-73.969008,34,134
40.739667,-73.983054,29,129
40.738359,-73.976096,13,113
40.711678,-74.009231,14,114
40.719102,-73.993299,21,121
40.760995,-73.961374,29,129
40.758737,-73.968675,22,122
40.742935,-73.998682,16,116
40.747475,-73.975709,14,114
40.767459,-73.984594,40,140
40.750973,-73.9709,13,113
40.758325,-73.9903,18,118
40.770193,-73.979783,47,147
40.732653,-73.975705,15,115
40.749798,-73.97517,9,109
40.728751,-74.010613,0,100
40.750393,-73.969532,12,112
40.723265,-73.996733,20,120
40.747608,-73.984684,15,115
40.745629,-73.985695,25,125
40.710804,-74.007109,36,136
40.76194,-73.961674,12,112
40.753806,-73.978545,25,125
40.722978,-73.991373,13,113
40.776468,-73.980594,44,144
40.708443,-74.006855,91,191
40.732073,-73.985137,16,116
40.756778,-73.988677,20,120
40.749468,-73.983817,44,144
40.773725,-73.989615,13,113
40.705455,-74.006001,123,223
40.779027,-73.956575,42,142
40.757667,-73.979019,22,122
40.718965,-73.984666,13,113
40.772734,-73.963597,34,134
40.710191,-73.987492,6,106
40.761911,-73.993823,14,114
40.776827,-73.973986,37,137
40.737637,-73.980307,23,123
40.722928,-74.011105,6,106
40.752448,-74.00075,4,104
40.765952,-73.97232,16,116
40.720277,-73.999531,16,116
40.707125,-74.014832,3,103
40.77401,-73.952552,29,129
40.749203,-74.00308,17,117
40.730738,-73.999883,19,119
40.782712,-73.982364,34,134
40.72216,-73.979864,6,106
40.765577,-73.9842,36,136
40.728474,-74.007134,41,141
40.748497,-74.002094,8,108
40.70979,-74.002033,22,122
